award_id,movie_id,year_ceremony,ceremony,category,name_nominee,film_title
1,,1928,1,ART DIRECTION,William Cameron Menzies,The Dove
2,,1928,1,CINEMATOGRAPHY,Charles Rosher,Sunrise
3,,1928,1,CINEMATOGRAPHY,Karl Struss,Sunrise
4,,1928,1,ENGINEERING EFFECTS,Roy Pomeroy,Wings
5,,1928,1,OUTSTANDING PICTURE,Paramount Famous Lasky,Wings
6,,1928,1,UNIQUE AND ARTISTIC PICTURE,Fox,Sunrise
7,,1928,1,WRITING (Adaptation),Benjamin Glazer,7th Heaven
8,,1928,1,WRITING (Original Story),Ben Hecht,Underworld
9,,1929,2,ART DIRECTION,Cedric Gibbons,The Bridge of San Luis Rey
10,,1929,2,CINEMATOGRAPHY,Clyde De Vinna,White Shadows in the South Seas
11,,1929,2,OUTSTANDING PICTURE,Metro-Goldwyn-Mayer,The Broadway Melody
12,,1929,2,WRITING,Hans Kraly,The Patriot
13,,1930,3,ART DIRECTION,Herman Rosse,King of Jazz
14,,1930,3,CINEMATOGRAPHY,"Joseph T. Rucker, Willard Van Der Veer",With Byrd at the South Pole
15,,1930,3,OUTSTANDING PRODUCTION,Universal,All Quiet on the Western Front
16,,1930,3,SOUND RECORDING,"Metro-Goldwyn-Mayer Studio Sound Department, Douglas Shearer, Sound Director",The Big House
17,,1930,3,WRITING,Frances Marion,The Big House
18,,1931,4,ART DIRECTION,Max Rée,Cimarron
19,,1931,4,CINEMATOGRAPHY,Floyd Crosby,Tabu
20,,1931,4,OUTSTANDING PRODUCTION,RKO Radio,Cimarron
21,,1931,4,WRITING (Adaptation),Howard Estabrook,Cimarron
22,,1931,4,WRITING (Original Story),John Monk Saunders,The Dawn Patrol
23,,1932,5,ART DIRECTION,Gordon Wiles,Transatlantic
24,,1932,5,CINEMATOGRAPHY,Lee Garmes,Shanghai Express
25,,1932,5,OUTSTANDING PRODUCTION,Metro-Goldwyn-Mayer,Grand Hotel
26,,1932,5,SHORT SUBJECT (Cartoon),"Walt Disney, Producer",Flowers and Trees
27,,1932,5,SHORT SUBJECT (Comedy),"Hal Roach, Producer",The Music Box
28,,1932,5,SHORT SUBJECT (Novelty),"Mack Sennett, Producer",Wrestling Swordfish
29,,1932,5,WRITING (Adaptation),Edwin Burke,Bad Girl
30,,1932,5,WRITING (Original Story),Frances Marion,The Champ
31,,1933,6,ART DIRECTION,William S. Darling,Cavalcade
32,,1933,6,CINEMATOGRAPHY,"Charles Bryant Lang, Jr.",A Farewell to Arms
33,,1933,6,OUTSTANDING PRODUCTION,Fox,Cavalcade
34,,1933,6,SHORT SUBJECT (Cartoon),"Walt Disney, Producer",The Three Little Pigs
35,,1933,6,SHORT SUBJECT (Comedy),"Louis Brock, Producer",So This Is Harris
36,,1933,6,SHORT SUBJECT (Novelty),"Joe Rock, Producer",Krakatoa
37,,1933,6,SOUND RECORDING,"Paramount Studio Sound Department, Franklin B. Hansen, Sound Director",A Farewell to Arms
38,,1933,6,WRITING (Adaptation),"Victor Heerman, Sarah Y. Mason",Little Women
39,,1933,6,WRITING (Original Story),Robert Lord,One Way Passage
40,,1935,7,ART DIRECTION,"Cedric Gibbons, Fredric Hope",The Merry Widow
41,,1935,7,ASSISTANT DIRECTOR,John Waters,Viva Villa!
42,,1935,7,CINEMATOGRAPHY,Victor Milner,Cleopatra
43,,1935,7,FILM EDITING,Conrad Nervig,Eskimo
44,,1935,7,MUSIC (Scoring),"Columbia Studio Music Department, Louis Silvers, head of department  (Thematic Music by Victor Schertzinger and Gus Kahn)",One Night of Love
45,,1935,7,MUSIC (Song),Music by Con Conrad; Lyrics by Herb Magidson,The Gay Divorcee
46,,1935,7,OUTSTANDING PRODUCTION,Columbia,It Happened One Night
47,,1935,7,SHORT SUBJECT (Cartoon),"Walt Disney, Producer",The Tortoise and the Hare
48,,1935,7,SHORT SUBJECT (Comedy),"Kenneth Macgowan, Producer",La Cucaracha
49,,1935,7,SHORT SUBJECT (Novelty),"Stacy Woodard and Horace Woodard, Producers",City of Wax
50,,1935,7,SOUND RECORDING,"Columbia Studio Sound Department, John Livadary, Sound Director",One Night of Love
51,,1935,7,WRITING (Adaptation),Robert Riskin,It Happened One Night
52,,1935,7,WRITING (Original Story),Arthur Caesar,Manhattan Melodrama
53,,1936,8,ART DIRECTION,Richard Day,The Dark Angel
54,,1936,8,ASSISTANT DIRECTOR,"Clem Beauchamp, Paul Wing",The Lives of a Bengal Lancer
55,,1936,8,CINEMATOGRAPHY,Hal Mohr,A Midsummer Night's Dream
56,,1936,8,DANCE DIRECTION,Dave Gould,Broadway Melody of 1936
57,,1936,8,FILM EDITING,Ralph Dawson,A Midsummer Night's Dream
58,,1936,8,MUSIC (Scoring),"RKO Radio Studio Music Department, Max Steiner, head of department  (Score by Max Steiner)",The Informer
59,,1936,8,MUSIC (Song),Music by Harry Warren; Lyrics by Al Dubin,Gold Diggers of 1935
60,,1936,8,OUTSTANDING PRODUCTION,Metro-Goldwyn-Mayer,Mutiny on the Bounty
61,,1936,8,SHORT SUBJECT (Cartoon),"Walt Disney, Producer",Three Orphan Kittens
62,,1936,8,SHORT SUBJECT (Comedy),"Jack Chertok, Producer",How to Sleep
63,,1936,8,SHORT SUBJECT (Novelty),Gaumont British and Skibo Productions,Wings over Mt. Everest
64,,1936,8,SOUND RECORDING,"Metro-Goldwyn-Mayer Studio Sound Department, Douglas Shearer, Sound Director",Naughty Marietta
65,,1936,8,WRITING (Original Story),"Ben Hecht, Charles MacArthur",The Scoundrel
66,,1936,8,WRITING (Screenplay),Dudley Nichols,The Informer
67,,1937,9,ART DIRECTION,Richard Day,Dodsworth
68,,1937,9,ASSISTANT DIRECTOR,Jack Sullivan,The Charge of the Light Brigade
69,,1937,9,CINEMATOGRAPHY,Gaetano Gaudio,Anthony Adverse
70,,1937,9,DANCE DIRECTION,Seymour Felix,The Great Ziegfeld
71,,1937,9,FILM EDITING,Ralph Dawson,Anthony Adverse
72,,1937,9,MUSIC (Scoring),"Warner Bros. Studio Music Department, Leo Forbstein, head of department  (Score by Erich Wolfgang Korngold)",Anthony Adverse
73,,1937,9,MUSIC (Song),Music by Jerome Kern; Lyrics by Dorothy Fields,Swing Time
74,,1937,9,OUTSTANDING PRODUCTION,Metro-Goldwyn-Mayer,The Great Ziegfeld
75,,1937,9,SHORT SUBJECT (Cartoon),"Walt Disney, Producer",The Country Cousin
76,,1937,9,SHORT SUBJECT (Color),Warner Bros.,Give Me Liberty
77,,1937,9,SHORT SUBJECT (One-reel),"Hal Roach, Producer",Bored of Education
78,,1937,9,SHORT SUBJECT (Two-reel),Metro-Goldwyn-Mayer,The Public Pays
79,,1937,9,SOUND RECORDING,"Metro-Goldwyn-Mayer Studio Sound Department, Douglas Shearer, Sound Director",San Francisco
80,,1937,9,WRITING (Original Story),"Pierre Collings, Sheridan Gibney",The Story of Louis Pasteur
81,,1937,9,WRITING (Screenplay),"Pierre Collings, Sheridan Gibney",The Story of Louis Pasteur
82,,1938,10,ART DIRECTION,Stephen Goosson,Lost Horizon
83,,1938,10,ASSISTANT DIRECTOR,Robert Webb,In Old Chicago
84,,1938,10,CINEMATOGRAPHY,Karl Freund,The Good Earth
85,,1938,10,DANCE DIRECTION,Hermes Pan,A Damsel in Distress
86,,1938,10,FILM EDITING,"Gene Havlick, Gene Milford",Lost Horizon
87,,1938,10,MUSIC (Scoring),"Universal Studio Music Department, Charles Previn, head of department  (no composer credit)",One Hundred Men and a Girl
88,,1938,10,MUSIC (Song),Music and Lyrics by Harry Owens,Waikiki Wedding
89,,1938,10,OUTSTANDING PRODUCTION,Warner Bros.,The Life of Emile Zola
90,,1938,10,SHORT SUBJECT (Cartoon),"Walt Disney, Producer",The Old Mill
91,,1938,10,SHORT SUBJECT (Color),"Pete Smith, Producer",Penny Wisdom
92,,1938,10,SHORT SUBJECT (One-reel),Skibo Productions,The Private Life of the Gannets
93,,1938,10,SHORT SUBJECT (Two-reel),Metro-Goldwyn-Mayer,Torture Money
94,,1938,10,SOUND RECORDING,"United Artists Studio Sound Department, Thomas T. Moulton, Sound Director",The Hurricane
95,,1938,10,WRITING (Original Story),"William A. Wellman, Robert Carson",A Star Is Born
96,,1938,10,WRITING (Screenplay),"Norman Reilly Raine, Heinz Herald, Geza Herczeg",The Life of Emile Zola
97,,1939,11,ART DIRECTION,Carl J. Weyl,The Adventures of Robin Hood
98,,1939,11,CINEMATOGRAPHY,Joseph Ruttenberg,The Great Waltz
99,,1939,11,FILM EDITING,Ralph Dawson,The Adventures of Robin Hood
100,,1939,11,MUSIC (Original Score),Erich Wolfgang Korngold,The Adventures of Robin Hood
101,,1939,11,MUSIC (Scoring),Alfred Newman,Alexander's Ragtime Band
102,,1939,11,MUSIC (Song),Music by Ralph Rainger; Lyrics by Leo Robin,The Big Broadcast of 1938
103,,1939,11,OUTSTANDING PRODUCTION,Columbia,You Can't Take It with You
104,,1939,11,SHORT SUBJECT (Cartoon),"Walt Disney, Producer",Ferdinand the Bull
105,,1939,11,SHORT SUBJECT (One-reel),Metro-Goldwyn-Mayer,That Mothers Might Live
106,,1939,11,SHORT SUBJECT (Two-reel),Warner Bros.,Declaration of Independence
107,,1939,11,SOUND RECORDING,"United Artists Studio Sound Department, Thomas T. Moulton, Sound Director",The Cowboy and the Lady
108,,1939,11,WRITING (Original Story),"Dore Schary, Eleanore Griffin",Boys Town
109,,1939,11,WRITING (Screenplay),"Screenplay and Dialogue by George Bernard Shaw; Adaptation by W. P. Lipscomb, Cecil Lewis, Ian Dalrymple",Pygmalion
110,,1940,12,ART DIRECTION,Lyle Wheeler,Gone with the Wind
111,,1940,12,CINEMATOGRAPHY (Black-and-White),Gregg Toland,Wuthering Heights
112,,1940,12,CINEMATOGRAPHY (Color),"Ernest Haller, Ray Rennahan",Gone with the Wind
113,,1940,12,FILM EDITING,"Hal C. Kern, James E. Newcom",Gone with the Wind
114,,1940,12,MUSIC (Original Score),Herbert Stothart,The Wizard of Oz
115,,1940,12,MUSIC (Scoring),"Richard Hageman, Frank Harling, John Leipold, Leo Shuken",Stagecoach
116,,1940,12,MUSIC (Song),Music by Harold Arlen; Lyrics by E. Y. Harburg,The Wizard of Oz
117,,1940,12,OUTSTANDING PRODUCTION,Selznick International Pictures,Gone with the Wind
118,,1940,12,SHORT SUBJECT (Cartoon),"Walt Disney, Producer",The Ugly Duckling
119,,1940,12,SHORT SUBJECT (One-reel),Paramount,Busy Little Bears
120,,1940,12,SHORT SUBJECT (Two-reel),Warner Bros.,Sons of Liberty
121,,1940,12,SOUND RECORDING,"Universal Studio Sound Department, Bernard B. Brown, Sound Director",When Tomorrow Comes
122,,1940,12,SPECIAL EFFECTS,"Fred Sersen, E. H. Hansen",The Rains Came
123,,1940,12,WRITING (Original Story),Lewis R. Foster,Mr. Smith Goes to Washington
124,,1940,12,WRITING (Screenplay),Sidney Howard,Gone with the Wind
125,,1941,13,ART DIRECTION (Black-and-White),"Cedric Gibbons, Paul Groesse",Pride and Prejudice
126,,1941,13,ART DIRECTION (Color),Vincent Korda,The Thief of Bagdad
127,,1941,13,CINEMATOGRAPHY (Black-and-White),George Barnes,Rebecca
128,,1941,13,CINEMATOGRAPHY (Color),Georges Périnal,The Thief of Bagdad
129,,1941,13,FILM EDITING,Anne Bauchens,North West Mounted Police
130,,1941,13,MUSIC (Original Score),"Leigh Harline, Paul J. Smith, Ned Washington",Pinocchio
131,,1941,13,MUSIC (Scoring),Alfred Newman,Tin Pan Alley
132,,1941,13,MUSIC (Song),Music by Leigh Harline; Lyrics by Ned Washington,Pinocchio
133,,1941,13,OUTSTANDING PRODUCTION,Selznick International Pictures,Rebecca
134,,1941,13,SHORT SUBJECT (Cartoon),Metro-Goldwyn-Mayer,The Milky Way
135,,1941,13,SHORT SUBJECT (One-reel),"Pete Smith, Producer",Quicker 'N a Wink
136,,1941,13,SHORT SUBJECT (Two-reel),Warner Bros.,"Teddy, the Rough Rider"
137,,1941,13,SOUND RECORDING,"Metro-Goldwyn-Mayer Studio Sound Department, Douglas Shearer, Sound Director",Strike Up the Band
138,,1941,13,SPECIAL EFFECTS,Photographic Effects by Lawrence Butler; Sound Effects by Jack Whitney,The Thief of Bagdad
139,,1941,13,WRITING (Original Screenplay),Preston Sturges,The Great McGinty
140,,1941,13,WRITING (Original Story),"Benjamin Glazer, John S. Toldy","Arise, My Love"
141,,1941,13,WRITING (Screenplay),Donald Ogden Stewart,The Philadelphia Story
142,,1942,14,ART DIRECTION (Black-and-White),"Art Direction:  Richard Day, Nathan Juran;  Interior Decoration:  Thomas Little",How Green Was My Valley
143,,1942,14,ART DIRECTION (Color),"Art Direction:  Cedric Gibbons, Urie McCleary;  Interior Decoration:  Edwin B. Willis",Blossoms in the Dust
144,,1942,14,CINEMATOGRAPHY (Black-and-White),Arthur Miller,How Green Was My Valley
145,,1942,14,CINEMATOGRAPHY (Color),"Ernest Palmer, Ray Rennahan",Blood and Sand
146,,1942,14,DOCUMENTARY (Short Subject),National Film Board of Canada,Churchill's Island
147,,1942,14,FILM EDITING,William Holmes,Sergeant York
148,,1942,14,MUSIC (Music Score of a Dramatic Picture),Bernard Herrmann,All That Money Can Buy
149,,1942,14,MUSIC (Scoring of a Musical Picture),"Frank Churchill, Oliver Wallace",Dumbo
150,,1942,14,MUSIC (Song),Music by Jerome Kern; Lyrics by Oscar Hammerstein II,Lady Be Good
151,,1942,14,OUTSTANDING MOTION PICTURE,20th Century-Fox,How Green Was My Valley
152,,1942,14,SHORT SUBJECT (Cartoon),"Walt Disney, Producer",Lend a Paw
153,,1942,14,SHORT SUBJECT (One-reel),Metro-Goldwyn-Mayer,Of Pups and Puzzles
154,,1942,14,SHORT SUBJECT (Two-reel),Metro-Goldwyn-Mayer,Main Street on the March!
155,,1942,14,SOUND RECORDING,"General Service Sound Department, Jack Whitney, Sound Director",That Hamilton Woman
156,,1942,14,SPECIAL EFFECTS,"Photographic Effects by Farciot Edouart, Gordon Jennings; Sound Effects by Louis Mesenkop",I Wanted Wings
157,,1942,14,WRITING (Original Screenplay),"Herman J. Mankiewicz, Orson Welles",Citizen Kane
158,,1942,14,WRITING (Original Story),Harry Segall,Here Comes Mr. Jordan
159,,1942,14,WRITING (Screenplay),"Sidney Buchman, Seton I. Miller",Here Comes Mr. Jordan
160,,1943,15,ART DIRECTION (Black-and-White),"Art Direction:  Richard Day, Joseph Wright;  Interior Decoration:  Thomas Little",This above All
161,,1943,15,ART DIRECTION (Color),"Art Direction:  Richard Day, Joseph Wright;  Interior Decoration:  Thomas Little",My Gal Sal
162,,1943,15,CINEMATOGRAPHY (Black-and-White),Joseph Ruttenberg,Mrs. Miniver
163,,1943,15,CINEMATOGRAPHY (Color),Leon Shamroy,The Black Swan
164,,1943,15,DOCUMENTARY,Australian News & Information Bureau,Kokoda Front Line!
165,,1943,15,DOCUMENTARY,Artkino,Moscow Strikes Back
166,,1943,15,DOCUMENTARY,United States Army Special Services,Prelude to War
167,,1943,15,DOCUMENTARY,United States Navy,The Battle of Midway
168,,1943,15,FILM EDITING,Daniel Mandell,The Pride of the Yankees
169,,1943,15,MUSIC (Music Score of a Dramatic or Comedy Picture),Max Steiner,"Now, Voyager"
170,,1943,15,MUSIC (Scoring of a Musical Picture),"Ray Heindorf, Heinz Roemheld",Yankee Doodle Dandy
171,,1943,15,MUSIC (Song),Music and Lyrics by Irving Berlin,Holiday Inn
172,,1943,15,OUTSTANDING MOTION PICTURE,Metro-Goldwyn-Mayer,Mrs. Miniver
173,,1943,15,SHORT SUBJECT (Cartoon),"Walt Disney, Producer",Der Fuehrer's Face
174,,1943,15,SHORT SUBJECT (One-reel),Paramount,Speaking of Animals and Their Families
175,,1943,15,SHORT SUBJECT (Two-reel),Warner Bros.,Beyond the Line of Duty
176,,1943,15,SOUND RECORDING,"Warner Bros. Studio Sound Department, Nathan Levinson, Sound Director",Yankee Doodle Dandy
177,,1943,15,SPECIAL EFFECTS,"Photographic Effects by Gordon Jennings, Farciot Edouart, William L. Pereira; Sound Effects by Louis Mesenkop",Reap the Wild Wind
178,,1943,15,WRITING (Original Motion Picture Story),Emeric Pressburger,The Invaders
179,,1943,15,WRITING (Original Screenplay),"Ring Lardner, Jr., Michael Kanin",Woman of the Year
180,,1943,15,WRITING (Screenplay),"Arthur Wimperis, George Froeschel, James Hilton, Claudine West",Mrs. Miniver
181,,1944,16,ART DIRECTION (Black-and-White),"Art Direction:  James Basevi, William Darling;  Interior Decoration:  Thomas Little",The Song of Bernadette
182,,1944,16,ART DIRECTION (Color),"Art Direction:  John B. Goodman, Alexander Golitzen;  Interior Decoration:  Russell A. Gausman, Ira S. Webb",Phantom of the Opera
183,,1944,16,CINEMATOGRAPHY (Black-and-White),Arthur Miller,The Song of Bernadette
184,,1944,16,CINEMATOGRAPHY (Color),"Hal Mohr, W. Howard Greene",Phantom of the Opera
185,,1944,16,DOCUMENTARY (Feature),British Ministry of Information,Desert Victory
186,,1944,16,DOCUMENTARY (Short Subject),United States Navy,December 7th
187,,1944,16,FILM EDITING,George Amy,Air Force
188,,1944,16,MUSIC (Music Score of a Dramatic or Comedy Picture),Alfred Newman,The Song of Bernadette
189,,1944,16,MUSIC (Scoring of a Musical Picture),Ray Heindorf,This Is the Army
190,,1944,16,MUSIC (Song),Music by Harry Warren; Lyrics by Mack Gordon,"Hello, Frisco, Hello"
191,,1944,16,OUTSTANDING MOTION PICTURE,Warner Bros.,Casablanca
192,,1944,16,SHORT SUBJECT (Cartoon),"Frederick Quimby, Producer",Yankee Doodle Mouse
193,,1944,16,SHORT SUBJECT (One-reel),"Grantland Rice, Producer",Amphibious Fighters
194,,1944,16,SHORT SUBJECT (Two-reel),"Jerry Bresler and Sam Coslow, Producers",Heavenly Music
195,,1944,16,SOUND RECORDING,"RKO Radio Studio Sound Department, Stephen Dunn, Sound Director",This Land Is Mine
196,,1944,16,SPECIAL EFFECTS,Photographic Effects by Fred Sersen; Sound Effects by Roger Heman,Crash Dive
197,,1944,16,WRITING (Original Motion Picture Story),William Saroyan,The Human Comedy
198,,1944,16,WRITING (Original Screenplay),Norman Krasna,Princess O'Rourke
199,,1944,16,WRITING (Screenplay),"Julius J. Epstein, Philip G. Epstein, Howard Koch",Casablanca
200,,1945,17,ART DIRECTION (Black-and-White),"Art Direction:  Cedric Gibbons, William Ferrari;  Interior Decoration:  Edwin B. Willis, Paul Huldschinsky",Gaslight
201,,1945,17,ART DIRECTION (Color),Art Direction:  Wiard Ihnen;  Interior Decoration:  Thomas Little,Wilson
202,,1945,17,BEST MOTION PICTURE,Paramount,Going My Way
203,,1945,17,CINEMATOGRAPHY (Black-and-White),Joseph LaShelle,Laura
204,,1945,17,CINEMATOGRAPHY (Color),Leon Shamroy,Wilson
205,,1945,17,DOCUMENTARY (Feature),United States Navy,The Fighting Lady
206,,1945,17,DOCUMENTARY (Short Subject),United States Marine Corps,With the Marines at Tarawa
207,,1945,17,FILM EDITING,Barbara McLean,Wilson
208,,1945,17,MUSIC (Music Score of a Dramatic or Comedy Picture),Max Steiner,Since You Went Away
209,,1945,17,MUSIC (Scoring of a Musical Picture),"Morris Stoloff, Carmen Dragon",Cover Girl
210,,1945,17,MUSIC (Song),Music by James Van Heusen; Lyrics by Johnny Burke,Going My Way
211,,1945,17,SHORT SUBJECT (Cartoon),"Frederick C. Quimby, Producer",Mouse Trouble
212,,1945,17,SHORT SUBJECT (One-reel),"Jerry Fairbanks, Producer",Who's Who in Animal Land
213,,1945,17,SHORT SUBJECT (Two-reel),"Gordon Hollingshead, Producer",I Won't Play
214,,1945,17,SOUND RECORDING,"20th Century-Fox Studio Sound Department, E. H. Hansen, Sound Director",Wilson
215,,1945,17,SPECIAL EFFECTS,"Photographic Effects by A. Arnold Gillespie, Donald Jahraus, Warren Newcombe; Sound Effects by Douglas Shearer",Thirty Seconds over Tokyo
216,,1945,17,WRITING (Original Motion Picture Story),Leo McCarey,Going My Way
217,,1945,17,WRITING (Original Screenplay),Lamar Trotti,Wilson
218,,1945,17,WRITING (Screenplay),"Frank Butler, Frank Cavett",Going My Way
219,,1946,18,ART DIRECTION (Black-and-White),Art Direction:  Wiard Ihnen;  Interior Decoration:  A. Roland Fields,Blood on the Sun
220,,1946,18,ART DIRECTION (Color),"Art Direction:  Hans Dreier, Ernst Fegte;  Interior Decoration:  Sam Comer",Frenchman's Creek
221,,1946,18,BEST MOTION PICTURE,Paramount,The Lost Weekend
222,,1946,18,CINEMATOGRAPHY (Black-and-White),Harry Stradling,The Picture of Dorian Gray
223,,1946,18,CINEMATOGRAPHY (Color),Leon Shamroy,Leave Her to Heaven
224,,1946,18,DOCUMENTARY (Feature),The Governments of Great Britain and the United States of America,The True Glory
225,,1946,18,DOCUMENTARY (Short Subject),"Gordon Hollingshead, Producer",Hitler Lives?
226,,1946,18,FILM EDITING,Robert J. Kern,National Velvet
227,,1946,18,MUSIC (Music Score of a Dramatic or Comedy Picture),Miklos Rozsa,Spellbound
228,,1946,18,MUSIC (Scoring of a Musical Picture),Georgie Stoll,Anchors Aweigh
229,,1946,18,MUSIC (Song),Music by Richard Rodgers; Lyrics by Oscar Hammerstein II,State Fair
230,,1946,18,SHORT SUBJECT (Cartoon),"Frederick Quimby, Producer",Quiet Please!
231,,1946,18,SHORT SUBJECT (One-reel),"Herbert Moulton, Producer;  Jerry Bresler, Executive Producer",Stairway to Light
232,,1946,18,SHORT SUBJECT (Two-reel),"Gordon Hollingshead, Producer",Star in the Night
233,,1946,18,SOUND RECORDING,"RKO Radio Studio Sound Department, Stephen Dunn, Sound Director",The Bells of St. Mary's
234,,1946,18,SPECIAL EFFECTS,Photographic Effects by John Fulton; Sound Effects by Arthur W. Johns,Wonder Man
235,,1946,18,WRITING (Original Motion Picture Story),Charles G. Booth,The House on 92nd Street
236,,1946,18,WRITING (Original Screenplay),Richard Schweizer,Marie-Louise
237,,1946,18,WRITING (Screenplay),"Charles Brackett, Billy Wilder",The Lost Weekend
238,,1947,19,ART DIRECTION (Black-and-White),"Art Direction:  Lyle Wheeler, William Darling;  Interior Decoration:  Thomas Little, Frank E. Hughes",Anna and the King of Siam
239,,1947,19,ART DIRECTION (Color),"Art Direction:  Cedric Gibbons, Paul Groesse;  Interior Decoration:  Edwin B. Willis",The Yearling
240,,1947,19,BEST MOTION PICTURE,Samuel Goldwyn Productions,The Best Years of Our Lives
241,,1947,19,CINEMATOGRAPHY (Black-and-White),Arthur Miller,Anna and the King of Siam
242,,1947,19,CINEMATOGRAPHY (Color),"Charles Rosher, Leonard Smith, Arthur Arling",The Yearling
243,,1947,19,DOCUMENTARY (Short Subject),United States Department of War,Seeds of Destiny
244,,1947,19,FILM EDITING,Daniel Mandell,The Best Years of Our Lives
245,,1947,19,MUSIC (Music Score of a Dramatic or Comedy Picture),Hugo Friedhofer,The Best Years of Our Lives
246,,1947,19,MUSIC (Scoring of a Musical Picture),Morris Stoloff,The Jolson Story
247,,1947,19,MUSIC (Song),Music by Harry Warren; Lyrics by Johnny Mercer,The Harvey Girls
248,,1947,19,SHORT SUBJECT (Cartoon),"Frederick Quimby, Producer",The Cat Concerto
249,,1947,19,SHORT SUBJECT (One-reel),"Gordon Hollingshead, Producer",Facing Your Danger
250,,1947,19,SHORT SUBJECT (Two-reel),"Gordon Hollingshead, Producer",A Boy and His Dog
251,,1947,19,SOUND RECORDING,"Columbia Studio Sound Department, John Livadary, Sound Director",The Jolson Story
252,,1947,19,SPECIAL EFFECTS,Special Visual Effects by Thomas Howard,Blithe Spirit
253,,1947,19,WRITING (Original Motion Picture Story),Clemence Dane,Vacation from Marriage
254,,1947,19,WRITING (Original Screenplay),"Muriel Box, Sydney Box",The Seventh Veil
255,,1947,19,WRITING (Screenplay),Robert E. Sherwood,The Best Years of Our Lives
256,,1948,20,ART DIRECTION (Black-and-White),Art Direction:  John Bryan;  Set Decoration:  Wilfred Shingleton,Great Expectations
257,,1948,20,ART DIRECTION (Color),Art Direction:  Alfred Junge;  Set Decoration:  Alfred Junge,Black Narcissus
258,,1948,20,BEST MOTION PICTURE,20th Century-Fox,Gentleman's Agreement
259,,1948,20,CINEMATOGRAPHY (Black-and-White),Guy Green,Great Expectations
260,,1948,20,CINEMATOGRAPHY (Color),Jack Cardiff,Black Narcissus
261,,1948,20,DOCUMENTARY (Feature),"Sid Rogell, Executive Producer;  Theron Warth and Richard O. Fleischer, Producers",Design for Death
262,,1948,20,DOCUMENTARY (Short Subject),United Nations Division of Films and Visual Information,First Steps
263,,1948,20,FILM EDITING,"Francis Lyon, Robert Parrish",Body and Soul
264,,1948,20,MUSIC (Music Score of a Dramatic or Comedy Picture),Dr. Miklos Rozsa,A Double Life
265,,1948,20,MUSIC (Scoring of a Musical Picture),Alfred Newman,Mother Wore Tights
266,,1948,20,MUSIC (Song),Music by Allie Wrubel; Lyrics by Ray Gilbert,Song of the South
267,,1948,20,SHORT SUBJECT (Cartoon),"Edward Selzer, Producer",Tweetie Pie
268,,1948,20,SHORT SUBJECT (One-reel),"Herbert Moulton, Producer",Good-bye Miss Turlock
269,,1948,20,SHORT SUBJECT (Two-reel),"Irving Allen, Producer",Climbing the Matterhorn
270,,1948,20,SOUND RECORDING,"Samuel Goldwyn Studio Sound Department, Gordon Sawyer, Sound Director",The Bishop's Wife
271,,1948,20,SPECIAL EFFECTS,"Special Visual Effects by A. Arnold Gillespie, Warren Newcombe; Special Audible Effects by Douglas Shearer, Michael Steinore",Green Dolphin Street
272,,1948,20,WRITING (Motion Picture Story),Valentine Davies,Miracle on 34th Street
273,,1948,20,WRITING (Original Screenplay),Sidney Sheldon,The Bachelor and the Bobby-Soxer
274,,1948,20,WRITING (Screenplay),George Seaton,Miracle on 34th Street
275,,1949,21,ART DIRECTION (Black-and-White),Art Direction:  Roger K. Furse;  Set Decoration:  Carmen Dillon,Hamlet
276,,1949,21,ART DIRECTION (Color),Art Direction:  Hein Heckroth;  Set Decoration:  Arthur Lawson,The Red Shoes
277,,1949,21,BEST MOTION PICTURE,J. Arthur Rank-Two Cities Films,Hamlet
278,,1949,21,CINEMATOGRAPHY (Black-and-White),William Daniels,The Naked City
279,,1949,21,CINEMATOGRAPHY (Color),"Joseph Valentine, William V. Skall, Winton Hoch",Joan of Arc
280,,1949,21,COSTUME DESIGN (Black-and-White),Roger K. Furse,Hamlet
281,,1949,21,COSTUME DESIGN (Color),"Dorothy Jeakins, Karinska",Joan of Arc
282,,1949,21,DOCUMENTARY (Feature),"Orville O. Dull, Producer",The Secret Land
283,,1949,21,DOCUMENTARY (Short Subject),United States Army,Toward Independence
284,,1949,21,FILM EDITING,Paul Weatherwax,The Naked City
285,,1949,21,MUSIC (Music Score of a Dramatic or Comedy Picture),Brian Easdale,The Red Shoes
286,,1949,21,MUSIC (Scoring of a Musical Picture),"Johnny Green, Roger Edens",Easter Parade
287,,1949,21,MUSIC (Song),Music and Lyrics by Jay Livingston and Ray Evans,The Paleface
288,,1949,21,SHORT SUBJECT (Cartoon),"Fred Quimby, Producer",The Little Orphan
289,,1949,21,SHORT SUBJECT (One-reel),"Edmund H. Reek, Producer",Symphony of a City
290,,1949,21,SHORT SUBJECT (Two-reel),"Walt Disney, Producer",Seal Island
291,,1949,21,SOUND RECORDING,"20th Century-Fox Studio Sound Department, Thomas T. Moulton, Sound Director",The Snake Pit
292,,1949,21,SPECIAL EFFECTS,"Special Visual Effects by Paul Eagler, J. McMillan Johnson, Russell Shearman, Clarence Slifer; Special Audible Effects by Charles Freeman, James G. Stewart",Portrait of Jennie
293,,1949,21,WRITING (Motion Picture Story),"Richard Schweizer, David Wechsler",The Search
294,,1949,21,WRITING (Screenplay),John Huston,The Treasure of the Sierra Madre
295,,1950,22,ART DIRECTION (Black-and-White),"Art Direction:  Harry Horner, John Meehan;  Set Decoration:  Emile Kuri",The Heiress
296,,1950,22,ART DIRECTION (Color),"Art Direction:  Cedric Gibbons, Paul Groesse;  Set Decoration:  Edwin B. Willis, Jack D. Moore",Little Women
297,,1950,22,BEST MOTION PICTURE,Robert Rossen Productions,All the King's Men
298,,1950,22,CINEMATOGRAPHY (Black-and-White),Paul C. Vogel,Battleground
299,,1950,22,CINEMATOGRAPHY (Color),Winton Hoch,She Wore a Yellow Ribbon
300,,1950,22,COSTUME DESIGN (Black-and-White),"Edith Head, Gile Steele",The Heiress
301,,1950,22,COSTUME DESIGN (Color),"Leah Rhodes, Travilla, Marjorie Best",The Adventures of Don Juan
302,,1950,22,DOCUMENTARY (Feature),Crown Film Unit,Daybreak in Udi
303,,1950,22,DOCUMENTARY (Short Subject),"Richard de Rochemont, Producer",A Chance to Live
304,,1950,22,DOCUMENTARY (Short Subject),"Edward Selzer, Producer",So Much for So Little
305,,1950,22,FILM EDITING,Harry Gerstad,Champion
306,,1950,22,MUSIC (Music Score of a Dramatic or Comedy Picture),Aaron Copland,The Heiress
307,,1950,22,MUSIC (Scoring of a Musical Picture),"Roger Edens, Lennie Hayton",On the Town
308,,1950,22,MUSIC (Song),Music and Lyrics by Frank Loesser,Neptune's Daughter
309,,1950,22,SHORT SUBJECT (Cartoon),"Edward Selzer, Producer",For Scent-Imental Reasons
310,,1950,22,SHORT SUBJECT (One-reel),"Jack Eaton, Producer",Aquatic House-Party
311,,1950,22,SHORT SUBJECT (Two-reel),"Gaston Diehl and Robert Haessens, Producers",Van Gogh
312,,1950,22,SOUND RECORDING,"20th Century-Fox Studio Sound Department, Thomas T. Moulton, Sound Director",Twelve O'Clock High
313,,1950,22,SPECIAL EFFECTS,ARKO Productions,Mighty Joe Young
314,,1950,22,WRITING (Motion Picture Story),Douglas Morrow,The Stratton Story
315,,1950,22,WRITING (Screenplay),Joseph L. Mankiewicz,A Letter to Three Wives
316,,1950,22,WRITING (Story and Screenplay),Robert Pirosh,Battleground
317,,1951,23,ART DIRECTION (Black-and-White),"Art Direction:  Hans Dreier, John Meehan;  Set Decoration:  Sam Comer, Ray Moyer",Sunset Blvd.
318,,1951,23,ART DIRECTION (Color),"Art Direction:  Hans Dreier, Walter Tyler;  Set Decoration:  Sam Comer, Ray Moyer",Samson and Delilah
319,,1951,23,BEST MOTION PICTURE,20th Century-Fox,All about Eve
320,,1951,23,CINEMATOGRAPHY (Black-and-White),Robert Krasker,The Third Man
321,,1951,23,CINEMATOGRAPHY (Color),Robert Surtees,King Solomon's Mines
322,,1951,23,COSTUME DESIGN (Black-and-White),"Edith Head, Charles LeMaire",All about Eve
323,,1951,23,COSTUME DESIGN (Color),"Edith Head, Dorothy Jeakins, Elois Jenssen, Gile Steele, Gwen Wakeling",Samson and Delilah
324,,1951,23,DOCUMENTARY (Feature),"Robert Snyder, Producer",The Titan: Story of Michelangelo
325,,1951,23,DOCUMENTARY (Short Subject),"Edmund Reek, Producer",Why Korea?
326,,1951,23,FILM EDITING,"Ralph E. Winters, Conrad A. Nervig",King Solomon's Mines
327,,1951,23,MUSIC (Music Score of a Dramatic or Comedy Picture),Franz Waxman,Sunset Blvd.
328,,1951,23,MUSIC (Scoring of a Musical Picture),"Adolph Deutsch, Roger Edens",Annie Get Your Gun
329,,1951,23,MUSIC (Song),Music and Lyrics by Ray Evans and Jay Livingston,"Captain Carey, U.S.A."
330,,1951,23,SHORT SUBJECT (Cartoon),"Stephen Bosustow, Producer",Gerald McBoing-Boing
331,,1951,23,SHORT SUBJECT (One-reel),"Gordon Hollingshead, Producer",Grandad of Races
332,,1951,23,SHORT SUBJECT (Two-reel),"Walt Disney, Producer",In Beaver Valley
333,,1951,23,SOUND RECORDING,"20th Century-Fox Studio Sound Department, Thomas T. Moulton, Sound Director",All about Eve
334,,1951,23,SPECIAL EFFECTS,George Pal Productions,Destination Moon
335,,1951,23,WRITING (Motion Picture Story),"Edna Anhalt, Edward Anhalt",Panic in the Streets
336,,1951,23,WRITING (Screenplay),Joseph L. Mankiewicz,All about Eve
337,,1951,23,WRITING (Story and Screenplay),"Charles Brackett, Billy Wilder, D. M. Marshman, Jr.",Sunset Blvd.
338,,1952,24,ART DIRECTION (Black-and-White),Art Direction:  Richard Day;  Set Decoration:  George James Hopkins,A Streetcar Named Desire
339,,1952,24,ART DIRECTION (Color),"Art Direction:  Cedric Gibbons, Preston Ames;  Set Decoration:  Edwin B. Willis, Keogh Gleason",An American in Paris
340,,1952,24,BEST MOTION PICTURE,"Arthur Freed, Producer",An American in Paris
341,,1952,24,CINEMATOGRAPHY (Black-and-White),William C. Mellor,A Place in the Sun
342,,1952,24,CINEMATOGRAPHY (Color),Alfred Gilks; Ballet Photography by John Alton,An American in Paris
343,,1952,24,COSTUME DESIGN (Black-and-White),Edith Head,A Place in the Sun
344,,1952,24,COSTUME DESIGN (Color),"Orry-Kelly, Walter Plunkett, Irene Sharaff",An American in Paris
345,,1952,24,DOCUMENTARY (Feature),"Olle Nordemar, Producer",Kon-Tiki
346,,1952,24,DOCUMENTARY (Short Subject),'Made by Fred Zinnemann with the cooperation of Paramount Pictures Corporation for the Los Angeles Orthopaedic Hospital',Benjy
347,,1952,24,FILM EDITING,William Hornbeck,A Place in the Sun
348,,1952,24,MUSIC (Music Score of a Dramatic or Comedy Picture),Franz Waxman,A Place in the Sun
349,,1952,24,MUSIC (Scoring of a Musical Picture),"Johnny Green, Saul Chaplin",An American in Paris
350,,1952,24,MUSIC (Song),Music by Hoagy Carmichael; Lyrics by Johnny Mercer,Here Comes the Groom
351,,1952,24,SHORT SUBJECT (Cartoon),"Fred Quimby, Producer",The Two Mouseketeers
352,,1952,24,SHORT SUBJECT (One-reel),"Robert Youngson, Producer",World of Kids
353,,1952,24,SHORT SUBJECT (Two-reel),"Walt Disney, Producer",Nature's Half Acre
354,,1952,24,SOUND RECORDING,"Metro-Goldwyn-Mayer Studio Sound Department, Douglas Shearer, Sound Director",The Great Caruso
355,,1952,24,SPECIAL EFFECTS,Paramount,When Worlds Collide
356,,1952,24,WRITING (Motion Picture Story),"Paul Dehn, James Bernard",Seven Days to Noon
357,,1952,24,WRITING (Screenplay),"Michael Wilson, Harry Brown",A Place in the Sun
358,,1952,24,WRITING (Story and Screenplay),Alan Jay Lerner,An American in Paris
359,,1953,25,ART DIRECTION (Black-and-White),"Art Direction:  Cedric Gibbons, Edward Carfagno;  Set Decoration:  Edwin B. Willis, Keogh Gleason",The Bad and the Beautiful
360,,1953,25,ART DIRECTION (Color),Art Direction:  Paul Sheriff;  Set Decoration:  Marcel Vertes,Moulin Rouge
361,,1953,25,BEST MOTION PICTURE,"Cecil B. DeMille, Producer",The Greatest Show on Earth
362,,1953,25,CINEMATOGRAPHY (Black-and-White),Robert Surtees,The Bad and the Beautiful
363,,1953,25,CINEMATOGRAPHY (Color),"Winton C. Hoch, Archie Stout",The Quiet Man
364,,1953,25,COSTUME DESIGN (Black-and-White),Helen Rose,The Bad and the Beautiful
365,,1953,25,COSTUME DESIGN (Color),Marcel Vertes,Moulin Rouge
366,,1953,25,DOCUMENTARY (Feature),"Irwin Allen, Producer",The Sea around Us
367,,1953,25,DOCUMENTARY (Short Subject),"Norman McLaren, Producer",Neighbours
368,,1953,25,FILM EDITING,"Elmo Williams, Harry Gerstad",High Noon
369,,1953,25,MUSIC (Music Score of a Dramatic or Comedy Picture),Dimitri Tiomkin,High Noon
370,,1953,25,MUSIC (Scoring of a Musical Picture),Alfred Newman,With a Song in My Heart
371,,1953,25,MUSIC (Song),Music by Dimitri Tiomkin; Lyrics by Ned Washington,High Noon
372,,1953,25,SHORT SUBJECT (Cartoon),"Fred Quimby, Producer",Johann Mouse
373,,1953,25,SHORT SUBJECT (One-reel),"Boris Vermont, Producer",Light in the Window: The Art of Vermeer
374,,1953,25,SHORT SUBJECT (Two-reel),"Walt Disney, Producer",Water Birds
375,,1953,25,SOUND RECORDING,London Film Sound Department,Breaking the Sound Barrier
376,,1953,25,SPECIAL EFFECTS,Metro-Goldwyn-Mayer,Plymouth Adventure
377,,1953,25,WRITING (Motion Picture Story),"Fredric M. Frank, Theodore St. John, Frank Cavett",The Greatest Show on Earth
378,,1953,25,WRITING (Screenplay),Charles Schnee,The Bad and the Beautiful
379,,1953,25,WRITING (Story and Screenplay),T. E. B. Clarke,The Lavender Hill Mob
380,,1954,26,ART DIRECTION (Black-and-White),"Art Direction:  Cedric Gibbons, Edward Carfagno;  Set Decoration:  Edwin B. Willis, Hugh Hunt",Julius Caesar
381,,1954,26,ART DIRECTION (Color),"Art Direction:  Lyle Wheeler, George W. Davis;  Set Decoration:  Walter M. Scott, Paul S. Fox",The Robe
382,,1954,26,BEST MOTION PICTURE,"Buddy Adler, Producer",From Here to Eternity
383,,1954,26,CINEMATOGRAPHY (Black-and-White),Burnett Guffey,From Here to Eternity
384,,1954,26,CINEMATOGRAPHY (Color),Loyal Griggs,Shane
385,,1954,26,COSTUME DESIGN (Black-and-White),Edith Head,Roman Holiday
386,,1954,26,COSTUME DESIGN (Color),"Charles LeMaire, Emile Santiago",The Robe
387,,1954,26,DOCUMENTARY (Feature),"Walt Disney, Producer",The Living Desert
388,,1954,26,DOCUMENTARY (Short Subject),"Walt Disney, Producer",The Alaskan Eskimo
389,,1954,26,FILM EDITING,William Lyon,From Here to Eternity
390,,1954,26,MUSIC (Music Score of a Dramatic or Comedy Picture),Bronislau Kaper,Lili
391,,1954,26,MUSIC (Scoring of a Musical Picture),Alfred Newman,Call Me Madam
392,,1954,26,MUSIC (Song),Music by Sammy Fain; Lyrics by Paul Francis Webster,Calamity Jane
393,,1954,26,SHORT SUBJECT (Cartoon),"Walt Disney, Producer","Toot, Whistle, Plunk and Boom"
394,,1954,26,SHORT SUBJECT (One-reel),"Johnny Green, Producer",The Merry Wives of Windsor Overture
395,,1954,26,SHORT SUBJECT (Two-reel),"Walt Disney, Producer",Bear Country
396,,1954,26,SOUND RECORDING,"Columbia Studio Sound Department, John P. Livadary, Sound Director",From Here to Eternity
397,,1954,26,SPECIAL EFFECTS,Paramount Studio,The War of the Worlds
398,,1954,26,WRITING (Motion Picture Story),Dalton Trumbo,Roman Holiday
399,,1954,26,WRITING (Screenplay),Daniel Taradash,From Here to Eternity
400,,1954,26,WRITING (Story and Screenplay),"Charles Brackett, Walter Reisch, Richard Breen",Titanic
401,,1955,27,ART DIRECTION (Black-and-White),Richard Day,On the Waterfront
402,,1955,27,ART DIRECTION (Color),Art Direction:  John Meehan;  Set Decoration:  Emile Kuri,"20,000 Leagues under the Sea"
403,,1955,27,BEST MOTION PICTURE,"Sam Spiegel, Producer",On the Waterfront
404,,1955,27,CINEMATOGRAPHY (Black-and-White),Boris Kaufman,On the Waterfront
405,,1955,27,CINEMATOGRAPHY (Color),Milton Krasner,Three Coins in the Fountain
406,,1955,27,COSTUME DESIGN (Black-and-White),Edith Head,Sabrina
407,,1955,27,COSTUME DESIGN (Color),Sanzo Wada,Gate of Hell
408,,1955,27,DOCUMENTARY (Feature),"Walt Disney, Producer",The Vanishing Prairie
409,,1955,27,DOCUMENTARY (Short Subject),World Wide Pictures and Morse Films,Thursday's Children
410,,1955,27,FILM EDITING,Gene Milford,On the Waterfront
411,,1955,27,MUSIC (Music Score of a Dramatic or Comedy Picture),Dimitri Tiomkin,The High and the Mighty
412,,1955,27,MUSIC (Scoring of a Musical Picture),"Adolph Deutsch, Saul Chaplin",Seven Brides for Seven Brothers
413,,1955,27,MUSIC (Song),Music by Jule Styne; Lyrics by Sammy Cahn,Three Coins in the Fountain
414,,1955,27,SHORT SUBJECT (Cartoon),"Stephen Bosustow, Producer",When Magoo Flew
415,,1955,27,SHORT SUBJECT (One-reel),"Robert Youngson, Producer",This Mechanical Age
416,,1955,27,SHORT SUBJECT (Two-reel),"Denis Sanders and Terry Sanders, Producers",A Time Out of War
417,,1955,27,SOUND RECORDING,"Universal-International Studio Sound Department, Leslie I. Carey, Sound Director",The Glenn Miller Story
418,,1955,27,SPECIAL EFFECTS,Walt Disney Studios,"20,000 Leagues under the Sea"
419,,1955,27,WRITING (Motion Picture Story),Philip Yordan,Broken Lance
420,,1955,27,WRITING (Screenplay),George Seaton,The Country Girl
421,,1955,27,WRITING (Story and Screenplay),Budd Schulberg,On the Waterfront
422,,1956,28,ART DIRECTION (Black-and-White),"Art Direction:  Hal Pereira, Tambi Larsen;  Set Decoration:  Sam Comer, Arthur Krams",The Rose Tattoo
423,,1956,28,ART DIRECTION (Color),"Art Direction:  William Flannery, Jo Mielziner;  Set Decoration:  Robert Priestley",Picnic
424,,1956,28,BEST MOTION PICTURE,"Harold Hecht, Producer",Marty
425,,1956,28,CINEMATOGRAPHY (Black-and-White),James Wong Howe,The Rose Tattoo
426,,1956,28,CINEMATOGRAPHY (Color),Robert Burks,To Catch a Thief
427,,1956,28,COSTUME DESIGN (Black-and-White),Helen Rose,I'll Cry Tomorrow
428,,1956,28,COSTUME DESIGN (Color),Charles LeMaire,Love Is a Many-Splendored Thing
429,,1956,28,DOCUMENTARY (Feature),"Nancy Hamilton, Producer",Helen Keller in Her Story
430,,1956,28,DOCUMENTARY (Short Subject),"Walt Disney, Producer",Men against the Arctic
431,,1956,28,FILM EDITING,"Charles Nelson, William A. Lyon",Picnic
432,,1956,28,MUSIC (Music Score of a Dramatic or Comedy Picture),Alfred Newman,Love Is a Many-Splendored Thing
433,,1956,28,MUSIC (Scoring of a Musical Picture),"Robert Russell Bennett, Jay Blackton, Adolph Deutsch",Oklahoma!
434,,1956,28,MUSIC (Song),Music by Sammy Fain; Lyrics by Paul Francis Webster,Love Is a Many-Splendored Thing
435,,1956,28,SHORT SUBJECT (Cartoon),"Edward Selzer, Producer",Speedy Gonzales
436,,1956,28,SHORT SUBJECT (One-reel),"Edmund Reek, Producer",Survival City
437,,1956,28,SHORT SUBJECT (Two-reel),"Wilbur T. Blume, Producer",The Face of Lincoln
438,,1956,28,SOUND RECORDING,"Todd-AO Sound Department, Fred Hynes, Sound Director",Oklahoma!
439,,1956,28,SPECIAL EFFECTS,Paramount Studio,The Bridges at Toko-Ri
440,,1956,28,WRITING (Motion Picture Story),Daniel Fuchs,Love Me or Leave Me
441,,1956,28,WRITING (Screenplay),Paddy Chayefsky,Marty
442,,1956,28,WRITING (Story and Screenplay),"William Ludwig, Sonya Levien",Interrupted Melody
443,,1957,29,ART DIRECTION (Black-and-White),"Art Direction:  Cedric Gibbons, Malcolm F. Brown;  Set Decoration:  Edwin B. Willis, F. Keogh Gleason",Somebody Up There Likes Me
444,,1957,29,ART DIRECTION (Color),"Art Direction:  Lyle R. Wheeler, John DeCuir;  Set Decoration:  Walter M. Scott, Paul S. Fox",The King and I
445,,1957,29,BEST MOTION PICTURE,"Michael Todd, Producer",Around the World in 80 Days
446,,1957,29,CINEMATOGRAPHY (Black-and-White),Joseph Ruttenberg,Somebody Up There Likes Me
447,,1957,29,CINEMATOGRAPHY (Color),Lionel Lindon,Around the World in 80 Days
448,,1957,29,COSTUME DESIGN (Black-and-White),Jean Louis,The Solid Gold Cadillac
449,,1957,29,COSTUME DESIGN (Color),Irene Sharaff,The King and I
450,,1957,29,DOCUMENTARY (Feature),"Jacques-Yves Cousteau, Producer",The Silent World
451,,1957,29,DOCUMENTARY (Short Subject),"Louis Clyde Stoumen, Producer",The True Story of the Civil War
452,,1957,29,FILM EDITING,"Gene Ruggiero, Paul Weatherwax",Around the World in 80 Days
453,,1957,29,FOREIGN LANGUAGE FILM,"Italy; Dino De Laurentiis and Carlo Ponti, Producers",La Strada
454,,1957,29,MUSIC (Music Score of a Dramatic or Comedy Picture),Victor Young,Around the World in 80 Days
455,,1957,29,MUSIC (Scoring of a Musical Picture),"Alfred Newman, Ken Darby",The King and I
456,,1957,29,MUSIC (Song),Music and Lyrics by Jay Livingston and Ray Evans,The Man Who Knew Too Much
457,,1957,29,SHORT SUBJECT (Cartoon),"Stephen Bosustow, Producer",Mister Magoo's Puddle Jumper
458,,1957,29,SHORT SUBJECT (One-reel),"Konstantin Kalser, Producer",Crashing the Water Barrier
459,,1957,29,SHORT SUBJECT (Two-reel),Romulus Films,The Bespoke Overcoat
460,,1957,29,SOUND RECORDING,"20th Century-Fox Studio Sound Department, Carl Faulkner, Sound Director",The King and I
461,,1957,29,SPECIAL EFFECTS,John Fulton,The Ten Commandments
462,,1957,29,WRITING (Motion Picture Story),Dalton Trumbo,The Brave One
463,,1957,29,WRITING (Screenplay--Adapted),"James Poe, John Farrow, S.J. Perelman",Around the World in 80 Days
464,,1957,29,WRITING (Screenplay--Original),Albert Lamorisse,The Red Balloon
465,,1958,30,ART DIRECTION,Art Direction:  Ted Haworth;  Set Decoration:  Robert Priestley,Sayonara
466,,1958,30,BEST MOTION PICTURE,"Sam Spiegel, Producer",The Bridge on the River Kwai
467,,1958,30,CINEMATOGRAPHY,Jack Hildyard,The Bridge on the River Kwai
468,,1958,30,COSTUME DESIGN,Orry-Kelly,Les Girls
469,,1958,30,DOCUMENTARY (Feature),"Jerome Hill, Producer",Albert Schweitzer
470,,1958,30,FILM EDITING,Peter Taylor,The Bridge on the River Kwai
471,,1958,30,FOREIGN LANGUAGE FILM,Italy,The Nights of Cabiria
472,,1958,30,MUSIC (Scoring),Malcolm Arnold,The Bridge on the River Kwai
473,,1958,30,MUSIC (Song),Music by James Van Heusen; Lyrics by Sammy Cahn,The Joker Is Wild
474,,1958,30,SHORT SUBJECT (Cartoon),"Edward Selzer, Producer",Birds Anonymous
475,,1958,30,SHORT SUBJECT (Live Action),"Larry Lansburgh, Producer",The Wetback Hound
476,,1958,30,SOUND RECORDING,"Warner Bros. Studio Sound Department, George Groves, Sound Director",Sayonara
477,,1958,30,SPECIAL EFFECTS,Audible Effects by Walter Rossi,The Enemy Below
478,,1958,30,WRITING (Screenplay--based on material from another medium),"Michael Wilson, Carl Foreman, Pierre Boulle",The Bridge on the River Kwai
479,,1958,30,WRITING (Story and Screenplay--written directly for the screen),George Wells,Designing Woman
480,,1959,31,ART DIRECTION,"Art Direction:  William A. Horning, Preston Ames;  Set Decoration:  Henry Grace, Keogh Gleason",Gigi
481,,1959,31,BEST MOTION PICTURE,"Arthur Freed, Producer",Gigi
482,,1959,31,CINEMATOGRAPHY (Black-and-White),Sam Leavitt,The Defiant Ones
483,,1959,31,CINEMATOGRAPHY (Color),Joseph Ruttenberg,Gigi
484,,1959,31,COSTUME DESIGN,Cecil Beaton,Gigi
485,,1959,31,DOCUMENTARY (Feature),"Ben Sharpsteen, Producer",White Wilderness
486,,1959,31,DOCUMENTARY (Short Subject),"Ben Sharpsteen, Producer",Ama Girls
487,,1959,31,FILM EDITING,Adrienne Fazan,Gigi
488,,1959,31,FOREIGN LANGUAGE FILM,France,My Uncle
489,,1959,31,MUSIC (Music Score of a Dramatic or Comedy Picture),Dimitri Tiomkin,The Old Man and the Sea
490,,1959,31,MUSIC (Scoring of a Musical Picture),Andre Previn,Gigi
491,,1959,31,MUSIC (Song),Music by Frederick Loewe; Lyrics by Alan Jay Lerner,Gigi
492,,1959,31,SHORT SUBJECT (Cartoon),"John W. Burton, Producer",Knighty Knight Bugs
493,,1959,31,SHORT SUBJECT (Live Action),"Walt Disney, Producer",Grand Canyon
494,,1959,31,SOUND,"Todd-AO Sound Department, Fred Hynes, Sound Director",South Pacific
495,,1959,31,SPECIAL EFFECTS,Visual Effects by Tom Howard,tom thumb
496,,1959,31,WRITING (Screenplay--based on material from another medium),Alan Jay Lerner,Gigi
497,,1959,31,WRITING (Story and Screenplay--written directly for the screen),"Nedrick Young, Harold Jacob Smith",The Defiant Ones
498,,1960,32,ART DIRECTION (Black-and-White),"Art Direction:  Lyle R. Wheeler, George W. Davis;  Set Decoration:  Walter M. Scott, Stuart A. Reiss",The Diary of Anne Frank
499,,1960,32,ART DIRECTION (Color),"Art Direction:  William A. Horning, Edward Carfagno;  Set Decoration:  Hugh Hunt",Ben-Hur
500,,1960,32,BEST MOTION PICTURE,"Sam Zimbalist, Producer",Ben-Hur
501,,1960,32,CINEMATOGRAPHY (Black-and-White),William C. Mellor,The Diary of Anne Frank
502,,1960,32,CINEMATOGRAPHY (Color),Robert L. Surtees,Ben-Hur
503,,1960,32,COSTUME DESIGN (Black-and-White),Orry-Kelly,Some Like It Hot
504,,1960,32,COSTUME DESIGN (Color),Elizabeth Haffenden,Ben-Hur
505,,1960,32,DOCUMENTARY (Feature),"Bernhard Grzimek, Producer",Serengeti Shall Not Die
506,,1960,32,DOCUMENTARY (Short Subject),"Bert Haanstra, Producer",Glass
507,,1960,32,FILM EDITING,"Ralph E. Winters, John D. Dunning",Ben-Hur
508,,1960,32,FOREIGN LANGUAGE FILM,France,Black Orpheus
509,,1960,32,MUSIC (Music Score of a Dramatic or Comedy Picture),Miklos Rozsa,Ben-Hur
510,,1960,32,MUSIC (Scoring of a Musical Picture),"Andre Previn, Ken Darby",Porgy and Bess
511,,1960,32,MUSIC (Song),Music by James Van Heusen; Lyrics by Sammy Cahn,A Hole in the Head
512,,1960,32,SHORT SUBJECT (Cartoon),"John Hubley, Producer",Moonbird
513,,1960,32,SHORT SUBJECT (Live Action),"Jacques-Yves Cousteau, Producer",The Golden Fish
514,,1960,32,SOUND,"Metro-Goldwyn-Mayer Studio Sound Department, Franklin E. Milton, Sound Director",Ben-Hur
515,,1960,32,SPECIAL EFFECTS,"Visual Effects by A. Arnold Gillespie, Robert MacDonald; Audible Effects by Milo Lory",Ben-Hur
516,,1960,32,WRITING (Screenplay--based on material from another medium),Neil Paterson,Room at the Top
517,,1960,32,WRITING (Story and Screenplay--written directly for the screen),"Story by Russell Rouse, Clarence Greene;  Screenplay by Stanley Shapiro, Maurice Richlin",Pillow Talk
518,,1961,33,ART DIRECTION (Black-and-White),Art Direction:  Alexander Trauner;  Set Decoration:  Edward G. Boyle,The Apartment
519,,1961,33,ART DIRECTION (Color),"Art Direction:  Alexander Golitzen, Eric Orbom;  Set Decoration:  Russell A. Gausman, Julia Heron",Spartacus
520,,1961,33,BEST MOTION PICTURE,"Billy Wilder, Producer",The Apartment
521,,1961,33,CINEMATOGRAPHY (Black-and-White),Freddie Francis,Sons and Lovers
522,,1961,33,CINEMATOGRAPHY (Color),Russell Metty,Spartacus
523,,1961,33,COSTUME DESIGN (Black-and-White),"Edith Head, Edward Stevenson",The Facts of Life
524,,1961,33,COSTUME DESIGN (Color),"Valles, Bill Thomas",Spartacus
525,,1961,33,DOCUMENTARY (Feature),"Larry Lansburgh, Producer",The Horse with the Flying Tail
526,,1961,33,DOCUMENTARY (Short Subject),"James Hill, Producer",Giuseppina
527,,1961,33,FILM EDITING,Daniel Mandell,The Apartment
528,,1961,33,FOREIGN LANGUAGE FILM,Sweden,The Virgin Spring
529,,1961,33,MUSIC (Music Score of a Dramatic or Comedy Picture),Ernest Gold,Exodus
530,,1961,33,MUSIC (Scoring of a Musical Picture),"Morris Stoloff, Harry Sukman",Song without End (The Story of Franz Liszt)
531,,1961,33,MUSIC (Song),Music and Lyrics by Manos Hadjidakis,Never on Sunday
532,,1961,33,SHORT SUBJECT (Cartoon),"William L. Snyder, Producer",Munro
533,,1961,33,SHORT SUBJECT (Live Action),"Ezra R. Baker, Producer",Day of the Painter
534,,1961,33,SOUND,"Samuel Goldwyn Studio Sound Department, Gordon E. Sawyer, Sound Director; and Todd-AO Sound Department, Fred Hynes, Sound Director",The Alamo
535,,1961,33,SPECIAL EFFECTS,"Visual Effects by Gene Warren, Tim Baar",The Time Machine
536,,1961,33,WRITING (Screenplay--based on material from another medium),Richard Brooks,Elmer Gantry
537,,1961,33,WRITING (Story and Screenplay--written directly for the screen),"Billy Wilder, I. A. L. Diamond",The Apartment
538,,1962,34,ART DIRECTION (Black-and-White),Art Direction:  Harry Horner;  Set Decoration:  Gene Callahan,The Hustler
539,,1962,34,ART DIRECTION (Color),Art Direction:  Boris Leven;  Set Decoration:  Victor A. Gangelin,West Side Story
540,,1962,34,BEST MOTION PICTURE,"Robert Wise, Producer",West Side Story
541,,1962,34,CINEMATOGRAPHY (Black-and-White),Eugen Shuftan,The Hustler
542,,1962,34,CINEMATOGRAPHY (Color),Daniel L. Fapp,West Side Story
543,,1962,34,COSTUME DESIGN (Black-and-White),Piero Gherardi,La Dolce Vita
544,,1962,34,COSTUME DESIGN (Color),Irene Sharaff,West Side Story
545,,1962,34,DOCUMENTARY (Feature),"Arthur Cohn and Rene Lafuite, Producers",Le Ciel et la Boue (Sky Above and Mud Beneath)
546,,1962,34,DOCUMENTARY (Short Subject),"Frank P. Bibas, Producer",Project Hope
547,,1962,34,FILM EDITING,Thomas Stanford,West Side Story
548,,1962,34,FOREIGN LANGUAGE FILM,Sweden,Through a Glass Darkly
549,,1962,34,MUSIC (Music Score of a Dramatic or Comedy Picture),Henry Mancini,Breakfast at Tiffany's
550,,1962,34,MUSIC (Scoring of a Musical Picture),"Saul Chaplin, Johnny Green, Sid Ramin, Irwin Kostal",West Side Story
551,,1962,34,MUSIC (Song),Music by Henry Mancini; Lyrics by Johnny Mercer,Breakfast at Tiffany's
552,,1962,34,SHORT SUBJECT (Cartoon),Zagreb Film,Ersatz (The Substitute)
553,,1962,34,SHORT SUBJECT (Live Action),Templar Film Studios,Seawards the Great Ships
554,,1962,34,SOUND,"Todd-AO Sound Department, Fred Hynes, Sound Director; and Samuel Goldwyn Studio Sound Department, Gordon E. Sawyer, Sound Director",West Side Story
555,,1962,34,SPECIAL EFFECTS,Visual Effects by Bill Warrington; Audible Effects by Vivian C. Greenham,The Guns of Navarone
556,,1962,34,WRITING (Screenplay--based on material from another medium),Abby Mann,Judgment at Nuremberg
557,,1962,34,WRITING (Story and Screenplay--written directly for the screen),William Inge,Splendor in the Grass
558,,1963,35,ART DIRECTION (Black-and-White),"Art Direction:  Alexander Golitzen, Henry Bumstead;  Set Decoration:  Oliver Emert",To Kill a Mockingbird
559,,1963,35,ART DIRECTION (Color),"Art Direction:  John Box, John Stoll;  Set Decoration:  Dario Simoni",Lawrence of Arabia
560,,1963,35,BEST PICTURE,"Sam Spiegel, Producer",Lawrence of Arabia
561,,1963,35,CINEMATOGRAPHY (Black-and-White),"Jean Bourgoin, Walter Wottitz, (Henri Persin)",The Longest Day
562,,1963,35,CINEMATOGRAPHY (Color),Fred A. Young,Lawrence of Arabia
563,,1963,35,COSTUME DESIGN (Black-and-White),Norma Koch,What Ever Happened to Baby Jane?
564,,1963,35,COSTUME DESIGN (Color),Mary Wills,The Wonderful World of the Brothers Grimm
565,,1963,35,DOCUMENTARY (Feature),"Louis Clyde Stoumen, Producer",Black Fox
566,,1963,35,DOCUMENTARY (Short Subject),"Jack Howells, Producer",Dylan Thomas
567,,1963,35,FILM EDITING,Anne Coates,Lawrence of Arabia
568,,1963,35,FOREIGN LANGUAGE FILM,France,Sundays and Cybele
569,,1963,35,MUSIC (Music Score--substantially original),Maurice Jarre,Lawrence of Arabia
570,,1963,35,MUSIC (Scoring of Music--adaptation or treatment),Ray Heindorf,Meredith Willson's The Music Man
571,,1963,35,MUSIC (Song),Music by Henry Mancini; Lyrics by Johnny Mercer,Days of Wine and Roses
572,,1963,35,SHORT SUBJECT (Cartoon),"John Hubley and Faith Hubley, Producers",The Hole
573,,1963,35,SHORT SUBJECT (Live Action),"Pierre Etaix and J.C. Carrière, Producers",Heureux Anniversaire (Happy Anniversary)
574,,1963,35,SOUND,"Shepperton Studio Sound Department, John Cox, Sound Director",Lawrence of Arabia
575,,1963,35,SPECIAL EFFECTS,Visual Effects by Robert MacDonald; Audible Effects by Jacques Maumont,The Longest Day
576,,1963,35,WRITING (Screenplay--based on material from another medium),Horton Foote,To Kill a Mockingbird
577,,1963,35,WRITING (Story and Screenplay--written directly for the screen),"Ennio de Concini, Alfredo Giannetti, Pietro Germi",Divorce--Italian Style
578,,1964,36,ART DIRECTION (Black-and-White),Gene Callahan,America America
579,,1964,36,ART DIRECTION (Color),"Art Direction:  John DeCuir, Jack Martin Smith, Hilyard Brown, Herman Blumenthal, Elven Webb, Maurice Pelling, Boris Juraga;  Set Decoration:  Walter M. Scott, Paul S. Fox, Ray Moyer",Cleopatra
580,,1964,36,BEST PICTURE,"Tony Richardson, Producer",Tom Jones
581,,1964,36,CINEMATOGRAPHY (Black-and-White),James Wong Howe,Hud
582,,1964,36,CINEMATOGRAPHY (Color),Leon Shamroy,Cleopatra
583,,1964,36,COSTUME DESIGN (Black-and-White),Piero Gherardi,Federico Fellini's 8-1/2
584,,1964,36,COSTUME DESIGN (Color),"Irene Sharaff, Vittorio Nino Novarese, Renie",Cleopatra
585,,1964,36,DOCUMENTARY (Feature),"Robert Hughes, Producer",Robert Frost: A Lover's Quarrel with the World
586,,1964,36,DOCUMENTARY (Short Subject),"Simon Schiffrin, Producer",Chagall
587,,1964,36,FILM EDITING,Harold F. Kress,How the West Was Won
588,,1964,36,FOREIGN LANGUAGE FILM,Italy,Federico Fellini's 8-1/2
589,,1964,36,MUSIC (Music Score--substantially original),John Addison,Tom Jones
590,,1964,36,MUSIC (Scoring of Music--adaptation or treatment),Andre Previn,Irma La Douce
591,,1964,36,MUSIC (Song),Music by James Van Heusen; Lyrics by Sammy Cahn,Papa's Delicate Condition
592,,1964,36,SHORT SUBJECT (Cartoon),"Ernest Pintoff, Producer",The Critic
593,,1964,36,SHORT SUBJECT (Live Action),"Paul de Roubaix and Marcel Ichac, Producers",An Occurrence at Owl Creek Bridge
594,,1964,36,SOUND,"Metro-Goldwyn-Mayer Studio Sound Department, Franklin E. Milton, Sound Director",How the West Was Won
595,,1964,36,SOUND EFFECTS,Walter G. Elliott,"It's a Mad, Mad, Mad, Mad World"
596,,1964,36,SPECIAL EFFECTS,"Emil Kosa, Jr.",Cleopatra
597,,1964,36,WRITING (Screenplay--based on material from another medium),John Osborne,Tom Jones
598,,1964,36,WRITING (Story and Screenplay--written directly for the screen),James R. Webb,How the West Was Won
599,,1965,37,ART DIRECTION (Black-and-White),Vassilis Fotopoulos,Zorba the Greek
600,,1965,37,ART DIRECTION (Color),"Art Direction:  Gene Allen, Cecil Beaton;  Set Decoration:  George James Hopkins",My Fair Lady
601,,1965,37,BEST PICTURE,"Jack L. Warner, Producer",My Fair Lady
602,,1965,37,CINEMATOGRAPHY (Black-and-White),Walter Lassally,Zorba the Greek
603,,1965,37,CINEMATOGRAPHY (Color),Harry Stradling,My Fair Lady
604,,1965,37,COSTUME DESIGN (Black-and-White),Dorothy Jeakins,The Night of the Iguana
605,,1965,37,COSTUME DESIGN (Color),Cecil Beaton,My Fair Lady
606,,1965,37,DOCUMENTARY (Feature),"Jacques-Yves Cousteau, Producer",Jacques-Yves Cousteau's World without Sun
607,,1965,37,DOCUMENTARY (Short Subject),"Charles Guggenheim, Producer",Nine from Little Rock
608,,1965,37,FILM EDITING,Cotton Warburton,Mary Poppins
609,,1965,37,FOREIGN LANGUAGE FILM,Italy,"Yesterday, Today and Tomorrow"
610,,1965,37,MUSIC (Music Score--substantially original),"Richard M. Sherman, Robert B. Sherman",Mary Poppins
611,,1965,37,MUSIC (Scoring of Music--adaptation or treatment),Andre Previn,My Fair Lady
612,,1965,37,MUSIC (Song),Music and Lyrics by Richard M. Sherman and Robert B. Sherman,Mary Poppins
613,,1965,37,SHORT SUBJECT (Cartoon),"David H. DePatie and Friz Freleng, Producers",The Pink Phink
614,,1965,37,SHORT SUBJECT (Live Action),"Edward Schreiber, Producer",Casals Conducts: 1964
615,,1965,37,SOUND,"Warner Bros. Studio Sound Department, George R. Groves, Sound Director",My Fair Lady
616,,1965,37,SOUND EFFECTS,Norman Wanstall,Goldfinger
617,,1965,37,SPECIAL VISUAL EFFECTS,"Peter Ellenshaw, Eustace Lycett, Hamilton Luske",Mary Poppins
618,,1965,37,WRITING (Screenplay--based on material from another medium),Edward Anhalt,Becket
619,,1965,37,WRITING (Story and Screenplay--written directly for the screen),"Story by S. H. Barnett;  Screenplay by Peter Stone, Frank Tarloff",Father Goose
620,,1966,38,ART DIRECTION (Black-and-White),Art Direction:  Robert Clatworthy;  Set Decoration:  Joseph Kish,Ship of Fools
621,,1966,38,ART DIRECTION (Color),"Art Direction:  John Box, Terry Marsh;  Set Decoration:  Dario Simoni",Doctor Zhivago
622,,1966,38,BEST PICTURE,"Robert Wise, Producer",The Sound of Music
623,,1966,38,CINEMATOGRAPHY (Black-and-White),Ernest Laszlo,Ship of Fools
624,,1966,38,CINEMATOGRAPHY (Color),Freddie Young,Doctor Zhivago
625,,1966,38,COSTUME DESIGN (Black-and-White),Julie Harris,Darling
626,,1966,38,COSTUME DESIGN (Color),Phyllis Dalton,Doctor Zhivago
627,,1966,38,DOCUMENTARY (Feature),"Sidney Glazier, Producer",The Eleanor Roosevelt Story
628,,1966,38,DOCUMENTARY (Short Subject),"Francis Thompson, Producer",To Be Alive!
629,,1966,38,FILM EDITING,William Reynolds,The Sound of Music
630,,1966,38,FOREIGN LANGUAGE FILM,Czechoslovakia,The Shop on Main Street
631,,1966,38,MUSIC (Music Score--substantially original),Maurice Jarre,Doctor Zhivago
632,,1966,38,MUSIC (Scoring of Music--adaptation or treatment),Irwin Kostal,The Sound of Music
633,,1966,38,MUSIC (Song),Music by Johnny Mandel; Lyrics by Paul Francis Webster,The Sandpiper
634,,1966,38,SHORT SUBJECT (Cartoon),"Chuck Jones and Les Goldman, Producers",The Dot and the Line
635,,1966,38,SHORT SUBJECT (Live Action),"Claude Berri, Producer",The Chicken (Le Poulet)
636,,1966,38,SOUND,"20th Century-Fox Studio Sound Department, James P. Corcoran, Sound Director; and Todd-AO Sound Department, Fred Hynes, Sound Director",The Sound of Music
637,,1966,38,SOUND EFFECTS,Tregoweth Brown,The Great Race
638,,1966,38,SPECIAL VISUAL EFFECTS,John Stears,Thunderball
639,,1966,38,WRITING (Screenplay--based on material from another medium),Robert Bolt,Doctor Zhivago
640,,1966,38,WRITING (Story and Screenplay--written directly for the screen),Frederic Raphael,Darling
641,,1967,39,ART DIRECTION (Black-and-White),Art Direction:  Richard Sylbert;  Set Decoration:  George James Hopkins,Who's Afraid of Virginia Woolf?
642,,1967,39,ART DIRECTION (Color),"Art Direction:  Jack Martin Smith, Dale Hennesy;  Set Decoration:  Walter M. Scott, Stuart A. Reiss",Fantastic Voyage
643,,1967,39,BEST PICTURE,"Fred Zinnemann, Producer",A Man for All Seasons
644,,1967,39,CINEMATOGRAPHY (Black-and-White),Haskell Wexler,Who's Afraid of Virginia Woolf?
645,,1967,39,CINEMATOGRAPHY (Color),Ted Moore,A Man for All Seasons
646,,1967,39,COSTUME DESIGN (Black-and-White),Irene Sharaff,Who's Afraid of Virginia Woolf?
647,,1967,39,COSTUME DESIGN (Color),"Elizabeth Haffenden, Joan Bridge",A Man for All Seasons
648,,1967,39,DOCUMENTARY (Feature),"Peter Watkins, Producer",The War Game
649,,1967,39,DOCUMENTARY (Short Subject),"Edmond A. Levy, Producer",A Year toward Tomorrow
650,,1967,39,FILM EDITING,"Fredric Steinkamp, Henry Berman, Stewart Linder, Frank Santillo",Grand Prix
651,,1967,39,FOREIGN LANGUAGE FILM,France,A Man and a Woman
652,,1967,39,MUSIC (Original Music Score),John Barry,Born Free
653,,1967,39,MUSIC (Scoring of Music--adaptation or treatment),Ken Thorne,A Funny Thing Happened on the Way to the Forum
654,,1967,39,MUSIC (Song),Music by John Barry; Lyrics by Don Black,Born Free
655,,1967,39,SHORT SUBJECT (Cartoon),"John Hubley and Faith Hubley, Producers",Herb Alpert and the Tijuana Brass Double Feature
656,,1967,39,SHORT SUBJECT (Live Action),"Edgar Anstey, Producer",Wild Wings
657,,1967,39,SOUND,"Metro-Goldwyn-Mayer Studio Sound Department, Franklin E. Milton, Sound Director",Grand Prix
658,,1967,39,SOUND EFFECTS,Gordon Daniel,Grand Prix
659,,1967,39,SPECIAL VISUAL EFFECTS,Art Cruickshank,Fantastic Voyage
660,,1967,39,WRITING (Screenplay--based on material from another medium),Robert Bolt,A Man for All Seasons
661,,1967,39,WRITING (Story and Screenplay--written directly for the screen),"Story by Claude Lelouch;  Screenplay by Claude Lelouch, Pierre Uytterhoeven",A Man and a Woman
662,,1968,40,ART DIRECTION,"Art Direction:  John Truscott, Edward Carrere;  Set Decoration:  John W. Brown",Camelot
663,,1968,40,BEST PICTURE,"Walter Mirisch, Producer",In the Heat of the Night
664,,1968,40,CINEMATOGRAPHY,Burnett Guffey,Bonnie and Clyde
665,,1968,40,COSTUME DESIGN,John Truscott,Camelot
666,,1968,40,DOCUMENTARY (Feature),"Pierre Schoendoerffer, Producer",The Anderson Platoon
667,,1968,40,DOCUMENTARY (Short Subject),"Mark Harris and Trevor Greenwood, Producers",The Redwoods
668,,1968,40,FILM EDITING,Hal Ashby,In the Heat of the Night
669,,1968,40,FOREIGN LANGUAGE FILM,Czechoslovakia,Closely Watched Trains
670,,1968,40,MUSIC (Original Music Score),Elmer Bernstein,Thoroughly Modern Millie
671,,1968,40,MUSIC (Scoring of Music--adaptation or treatment),"Alfred Newman, Ken Darby",Camelot
672,,1968,40,MUSIC (Song),Music and Lyrics by Leslie Bricusse,Doctor Dolittle
673,,1968,40,SHORT SUBJECT (Cartoon),"Fred Wolf, Producer",The Box
674,,1968,40,SHORT SUBJECT (Live Action),"Christopher Chapman, Producer",A Place to Stand
675,,1968,40,SOUND,Samuel Goldwyn Studio Sound Department,In the Heat of the Night
676,,1968,40,SOUND EFFECTS,John Poyner,The Dirty Dozen
677,,1968,40,SPECIAL VISUAL EFFECTS,L. B. Abbott,Doctor Dolittle
678,,1968,40,WRITING (Screenplay--based on material from another medium),Stirling Silliphant,In the Heat of the Night
679,,1968,40,WRITING (Story and Screenplay--written directly for the screen),William Rose,Guess Who's Coming to Dinner
680,,1969,41,ART DIRECTION,"Art Direction:  John Box, Terence Marsh;  Set Decoration:  Vernon Dixon, Ken Muggleston",Oliver!
681,,1969,41,BEST PICTURE,"John Woolf, Producer",Oliver!
682,,1969,41,CINEMATOGRAPHY,Pasqualino De Santis,Romeo and Juliet
683,,1969,41,COSTUME DESIGN,Danilo Donati,Romeo and Juliet
684,,1969,41,DOCUMENTARY (Feature),"Bill McGaw, Producer",Journey into Self
685,,1969,41,DOCUMENTARY (Short Subject),"Saul Bass, Producer",Why Man Creates
686,,1969,41,FILM EDITING,Frank P. Keller,Bullitt
687,,1969,41,FOREIGN LANGUAGE FILM,Union of Soviet Socialist Republics,War and Peace
688,,1969,41,MUSIC (Original Score--for a motion picture [not a musical]),John Barry,The Lion in Winter
689,,1969,41,MUSIC (Score of a Musical Picture--original or adaptation),Adaptation score by John Green,Oliver!
690,,1969,41,MUSIC (Song--Original for the Picture),Music by Michel Legrand; Lyrics by Alan Bergman and Marilyn Bergman,The Thomas Crown Affair
691,,1969,41,SHORT SUBJECT (Cartoon),"Walt Disney, Producer",Winnie the Pooh and the Blustery Day
692,,1969,41,SHORT SUBJECT (Live Action),"Charles Guggenheim, Producer",Robert Kennedy Remembered
693,,1969,41,SOUND,Shepperton Studio Sound Department,Oliver!
694,,1969,41,SPECIAL VISUAL EFFECTS,Stanley Kubrick,2001: A Space Odyssey
695,,1969,41,WRITING (Screenplay--based on material from another medium),James Goldman,The Lion in Winter
696,,1969,41,WRITING (Story and Screenplay--written directly for the screen),Mel Brooks,The Producers
697,,1970,42,ART DIRECTION,"Art Direction:  John DeCuir, Jack Martin Smith, Herman Blumenthal;  Set Decoration:  Walter M. Scott, George Hopkins, Raphael Bretton","Hello, Dolly!"
698,,1970,42,BEST PICTURE,"Jerome Hellman, Producer",Midnight Cowboy
699,,1970,42,CINEMATOGRAPHY,Conrad Hall,Butch Cassidy and the Sundance Kid
700,,1970,42,COSTUME DESIGN,Margaret Furse,Anne of the Thousand Days
701,,1970,42,DOCUMENTARY (Feature),"Bernard Chevry, Producer",Arthur Rubinstein - The Love of Life
702,,1970,42,DOCUMENTARY (Short Subject),"Denis Sanders and Robert M. Fresco, Producers",Czechoslovakia 1968
703,,1970,42,FILM EDITING,Françoise Bonnot,Z
704,,1970,42,FOREIGN LANGUAGE FILM,Algeria,Z
705,,1970,42,MUSIC (Original Score--for a motion picture [not a musical]),Burt Bacharach,Butch Cassidy and the Sundance Kid
706,,1970,42,MUSIC (Score of a Musical Picture--original or adaptation),Adaptation score by Lennie Hayton and Lionel Newman,"Hello, Dolly!"
707,,1970,42,MUSIC (Song--Original for the Picture),Music by Burt Bacharach; Lyrics by Hal David,Butch Cassidy and the Sundance Kid
708,,1970,42,SHORT SUBJECT (Cartoon),"Ward Kimball, Producer",It's Tough to Be a Bird
709,,1970,42,SHORT SUBJECT (Live Action),"Joan Keller Stern, Producer",The Magic Machines
710,,1970,42,SOUND,"Jack Solomon, Murray Spivack","Hello, Dolly!"
711,,1970,42,SPECIAL VISUAL EFFECTS,Robbie Robertson,Marooned
712,,1970,42,WRITING (Screenplay--based on material from another medium),Waldo Salt,Midnight Cowboy
713,,1970,42,WRITING (Story and Screenplay--based on material not previously published or produced),William Goldman,Butch Cassidy and the Sundance Kid
714,,1971,43,ART DIRECTION,"Art Direction:  Urie McCleary, Gil Parrondo;  Set Decoration:  Antonio Mateos, Pierre-Louis Thevenet",Patton
715,,1971,43,BEST PICTURE,"Frank McCarthy, Producer",Patton
716,,1971,43,CINEMATOGRAPHY,Freddie Young,Ryan's Daughter
717,,1971,43,COSTUME DESIGN,Nino Novarese,Cromwell
718,,1971,43,DOCUMENTARY (Feature),"Bob Maurice, Producer",Woodstock
719,,1971,43,DOCUMENTARY (Short Subject),"Joseph Strick, Producer",Interviews with My Lai Veterans
720,,1971,43,FILM EDITING,Hugh S. Fowler,Patton
721,,1971,43,FOREIGN LANGUAGE FILM,Italy,Investigation of a Citizen above Suspicion
722,,1971,43,MUSIC (Original Score),Francis Lai,Love Story
723,,1971,43,MUSIC (Original Song Score),Music and lyrics by The Beatles,Let It Be
724,,1971,43,MUSIC (Song--Original for the Picture),Music by Fred Karlin; Lyrics by Robb Royer (aka Robb Wilson) and James Griffin (aka Arthur James),Lovers and Other Strangers
725,,1971,43,SHORT SUBJECT (Cartoon),"Nick Bosustow, Producer",Is It Always Right to Be Right?
726,,1971,43,SHORT SUBJECT (Live Action),"John Longenecker, Producer",The Resurrection of Broncho Billy
727,,1971,43,SOUND,"Douglas Williams, Don Bassman",Patton
728,,1971,43,SPECIAL VISUAL EFFECTS,"A. D. Flowers, L. B. Abbott",Tora! Tora! Tora!
729,,1971,43,WRITING (Screenplay--based on material from another medium),"Ring Lardner, Jr.",M*A*S*H
730,,1971,43,WRITING (Story and Screenplay--based on factual material or material not previously published or produced),"Francis Ford Coppola, Edmund H. North",Patton
731,,1972,44,ART DIRECTION,"Art Direction:  John Box, Ernest Archer, Jack Maxsted, Gil Parrondo;  Set Decoration:  Vernon Dixon",Nicholas and Alexandra
732,,1972,44,BEST PICTURE,"Philip D'Antoni, Producer",The French Connection
733,,1972,44,CINEMATOGRAPHY,Oswald Morris,Fiddler on the Roof
734,,1972,44,COSTUME DESIGN,"Yvonne Blake, Antonio Castillo",Nicholas and Alexandra
735,,1972,44,DOCUMENTARY (Feature),"Walon Green, Producer",The Hellstrom Chronicle
736,,1972,44,DOCUMENTARY (Short Subject),"Manuel Arango and Robert Amram, Producers",Sentinels of Silence
737,,1972,44,FILM EDITING,Jerry Greenberg,The French Connection
738,,1972,44,FOREIGN LANGUAGE FILM,Italy,The Garden of the Finzi Continis
739,,1972,44,MUSIC (Original Dramatic Score),Michel Legrand,Summer of '42
740,,1972,44,MUSIC (Scoring: Adaptation and Original Song Score),Adaptation Score by John Williams,Fiddler on the Roof
741,,1972,44,MUSIC (Song--Original for the Picture),Music and Lyrics by Isaac Hayes,Shaft
742,,1972,44,SHORT SUBJECT (Animated),"Ted Petok, Producer",The Crunch Bird
743,,1972,44,SHORT SUBJECT (Live Action),"Manuel Arango and Robert Amram, Producers",Sentinels of Silence
744,,1972,44,SOUND,"Gordon K. McCallum, David Hildyard",Fiddler on the Roof
745,,1972,44,SPECIAL VISUAL EFFECTS,"Alan Maley, Eustace Lycett, Danny Lee",Bedknobs and Broomsticks
746,,1972,44,WRITING (Screenplay--based on material from another medium),Ernest Tidyman,The French Connection
747,,1972,44,WRITING (Story and Screenplay--based on factual material or material not previously published or produced),Paddy Chayefsky,The Hospital
748,,1973,45,ART DIRECTION,"Art Direction:  Rolf Zehetbauer, Jurgen Kiebach;  Set Decoration:  Herbert Strabel",Cabaret
749,,1973,45,BEST PICTURE,"Albert S. Ruddy, Producer",The Godfather
750,,1973,45,CINEMATOGRAPHY,Geoffrey Unsworth,Cabaret
751,,1973,45,COSTUME DESIGN,Anthony Powell,Travels with My Aunt
752,,1973,45,DOCUMENTARY (Feature),"Howard Smith and Sarah Kernochan, Producers",Marjoe
753,,1973,45,DOCUMENTARY (Short Subject),"Charles Huguenot van der Linden and Martina Huguenot van der Linden, Producers",This Tiny World
754,,1973,45,FILM EDITING,David Bretherton,Cabaret
755,,1973,45,FOREIGN LANGUAGE FILM,France,The Discreet Charm of the Bourgeoisie
756,,1973,45,MUSIC (Original Dramatic Score),"Charles Chaplin, Raymond Rasch, Larry Russell",Limelight
757,,1973,45,MUSIC (Scoring: Adaptation and Original Song Score),Adaptation Score by Ralph Burns,Cabaret
758,,1973,45,MUSIC (Song--Original for the Picture),Music and Lyrics by Al Kasha and Joel Hirschhorn,The Poseidon Adventure
759,,1973,45,SHORT SUBJECT (Animated),"Richard Williams, Producer",A Christmas Carol
760,,1973,45,SHORT SUBJECT (Live Action),"Richard Barclay, Producer",Norman Rockwell's World...An American Dream
761,,1973,45,SOUND,"Robert Knudson, David Hildyard",Cabaret
762,,1973,45,SPECIAL ACHIEVEMENT AWARD (Visual Effects),"L. B. Abbott, A. D. Flowers",The Poseidon Adventure
763,,1973,45,WRITING (Screenplay--based on material from another medium),"Mario Puzo, Francis Ford Coppola",The Godfather
764,,1973,45,WRITING (Story and Screenplay--based on factual material or material not previously published or produced),Jeremy Larner,The Candidate
765,,1974,46,ART DIRECTION,Art Direction:  Henry Bumstead;  Set Decoration:  James Payne,The Sting
766,,1974,46,BEST PICTURE,"Tony Bill, Michael Phillips and Julia Phillips, Producers",The Sting
767,,1974,46,CINEMATOGRAPHY,Sven Nykvist,Cries and Whispers
768,,1974,46,COSTUME DESIGN,Edith Head,The Sting
769,,1974,46,DOCUMENTARY (Feature),"Kieth Merrill, Producer",The Great American Cowboy
770,,1974,46,DOCUMENTARY (Short Subject),"Julian Krainin and DeWitt L. Sage, Jr., Producers",Princeton: A Search for Answers
771,,1974,46,FILM EDITING,William Reynolds,The Sting
772,,1974,46,FOREIGN LANGUAGE FILM,France,Day for Night
773,,1974,46,MUSIC (Original Dramatic Score),Marvin Hamlisch,The Way We Were
774,,1974,46,MUSIC (Scoring: Original Song Score and Adaptation -or- Scoring: Adaptation),Adaptation Score by Marvin Hamlisch,The Sting
775,,1974,46,MUSIC (Song),Music by Marvin Hamlisch; Lyrics by Alan Bergman and Marilyn Bergman,The Way We Were
776,,1974,46,SHORT SUBJECT (Animated),"Frank Mouris, Producer",Frank Film
777,,1974,46,SHORT SUBJECT (Live Action),"Allan Miller and William Fertik, Producers",The Bolero
778,,1974,46,SOUND,"Robert Knudson, Chris Newman",The Exorcist
779,,1974,46,WRITING (Screenplay--based on material from another medium),William Peter Blatty,The Exorcist
780,,1974,46,WRITING (Story and Screenplay--based on factual material or material not previously published or produced),David S. Ward,The Sting
781,,1975,47,ART DIRECTION,"Art Direction:  Dean Tavoularis, Angelo Graham;  Set Decoration:  George R. Nelson",The Godfather Part II
782,,1975,47,BEST PICTURE,"Francis Ford Coppola, Producer;  Gray Frederickson and Fred Roos, Co-Producers",The Godfather Part II
783,,1975,47,CINEMATOGRAPHY,"Fred Koenekamp, Joseph Biroc",The Towering Inferno
784,,1975,47,COSTUME DESIGN,Theoni V. Aldredge,The Great Gatsby
785,,1975,47,DOCUMENTARY (Feature),"Peter Davis and Bert Schneider, Producers",Hearts and Minds
786,,1975,47,DOCUMENTARY (Short Subject),"Robin Lehman, Producer",Don't
787,,1975,47,FILM EDITING,"Harold F. Kress, Carl Kress",The Towering Inferno
788,,1975,47,FOREIGN LANGUAGE FILM,Italy,Amarcord
789,,1975,47,MUSIC (Original Dramatic Score),"Nino Rota, Carmine Coppola",The Godfather Part II
790,,1975,47,MUSIC (Scoring: Original Song Score and Adaptation -or- Scoring: Adaptation),Adaptation Score by Nelson Riddle,The Great Gatsby
791,,1975,47,MUSIC (Song),Music and Lyrics by Al Kasha and Joel Hirschhorn,The Towering Inferno
792,,1975,47,SHORT FILM (Animated),"Will Vinton and Bob Gardiner, Producers",Closed Mondays
793,,1975,47,SHORT FILM (Live Action),"Paul Claudon and Edmond Sechan, Producers",One-Eyed Men Are Kings
794,,1975,47,SOUND,"Ronald Pierce, Melvin Metcalfe, Sr.",Earthquake
795,,1975,47,SPECIAL ACHIEVEMENT AWARD (Visual Effects),"Frank Brendel, Glen Robinson, Albert Whitlock",Earthquake
796,,1975,47,WRITING (Original Screenplay),Robert Towne,Chinatown
797,,1975,47,WRITING (Screenplay Adapted from Other Material),"Francis Ford Coppola, Mario Puzo",The Godfather Part II
798,,1976,48,ART DIRECTION,"Art Direction:  Ken Adam, Roy Walker;  Set Decoration:  Vernon Dixon",Barry Lyndon
799,,1976,48,BEST PICTURE,"Saul Zaentz and Michael Douglas, Producers",One Flew over the Cuckoo's Nest
800,,1976,48,CINEMATOGRAPHY,John Alcott,Barry Lyndon
801,,1976,48,COSTUME DESIGN,"Ulla-Britt Soderlund, Milena Canonero",Barry Lyndon
802,,1976,48,DOCUMENTARY (Feature),"F. R. Crawley, James Hager and Dale Hartleben, Producers",The Man Who Skied down Everest
803,,1976,48,DOCUMENTARY (Short Subject),"Claire Wilbur and Robin Lehman, Producers",The End of the Game
804,,1976,48,FILM EDITING,Verna Fields,Jaws
805,,1976,48,FOREIGN LANGUAGE FILM,Union of Soviet Socialist Republics,Dersu Uzala
806,,1976,48,MUSIC (Original Score),John Williams,Jaws
807,,1976,48,MUSIC (Original Song),Music and Lyrics by Keith Carradine,Nashville
808,,1976,48,MUSIC (Scoring: Original Song Score and Adaptation -or- Scoring: Adaptation),Adaptation Score by Leonard Rosenman,Barry Lyndon
809,,1976,48,SHORT FILM (Animated),"Bob Godfrey, Producer",Great
810,,1976,48,SHORT FILM (Live Action),"Bert Salzman, Producer",Angel and Big Joe
811,,1976,48,SOUND,"Robert L. Hoyt, Roger Heman, Earl Madery, John Carter",Jaws
812,,1976,48,SPECIAL ACHIEVEMENT AWARD (Sound Effects),Peter Berkos,The Hindenburg
813,,1976,48,SPECIAL ACHIEVEMENT AWARD (Visual Effects),"Albert Whitlock, Glen Robinson",The Hindenburg
814,,1976,48,WRITING (Original Screenplay),Frank Pierson,Dog Day Afternoon
815,,1976,48,WRITING (Screenplay Adapted from Other Material),"Lawrence Hauben, Bo Goldman",One Flew over the Cuckoo's Nest
816,,1977,49,ART DIRECTION,Art Direction:  George Jenkins;  Set Decoration:  George Gaines,All the President's Men
817,,1977,49,BEST PICTURE,"Irwin Winkler and Robert Chartoff, Producers",Rocky
818,,1977,49,CINEMATOGRAPHY,Haskell Wexler,Bound for Glory
819,,1977,49,COSTUME DESIGN,Danilo Donati,Fellini's Casanova
820,,1977,49,DOCUMENTARY (Feature),"Barbara Kopple, Producer","Harlan County, U.S.A."
821,,1977,49,DOCUMENTARY (Short Subject),"Lynne Littman, Producer",Number Our Days
822,,1977,49,FILM EDITING,"Richard Halsey, Scott Conrad",Rocky
823,,1977,49,FOREIGN LANGUAGE FILM,Ivory Coast,Black and White in Color
824,,1977,49,MUSIC (Original Score),Jerry Goldsmith,The Omen
825,,1977,49,MUSIC (Original Song Score and Its Adaptation or Adaptation Score),Adaptation Score by Leonard Rosenman,Bound for Glory
826,,1977,49,MUSIC (Original Song),Music by Barbra Streisand; Lyrics by Paul Williams,A Star Is Born
827,,1977,49,SHORT FILM (Animated),"Suzanne Baker, Producer",Leisure
828,,1977,49,SHORT FILM (Live Action),"Andre Guttfreund and Peter Werner, Producers",In the Region of Ice
829,,1977,49,SOUND,"Arthur Piantadosi, Les Fresholtz, Dick Alexander, Jim Webb",All the President's Men
830,,1977,49,SPECIAL ACHIEVEMENT AWARD (Visual Effects),"Carlo Rambaldi, Glen Robinson, Frank Van der Veer",King Kong
831,,1977,49,SPECIAL ACHIEVEMENT AWARD (Visual Effects),"L. B. Abbott, Glen Robinson, Matthew Yuricich",Logan's Run
832,,1977,49,WRITING (Screenplay Written Directly for the Screen--based on factual material or on story material not previously published or produced),Paddy Chayefsky,Network
833,,1977,49,WRITING (Screenplay--based on material from another medium),William Goldman,All the President's Men
834,,1978,50,ART DIRECTION,"Art Direction:  John Barry, Norman Reynolds, Leslie Dilley;  Set Decoration:  Roger Christian",Star Wars
835,,1978,50,BEST PICTURE,"Charles H. Joffe, Producer",Annie Hall
836,,1978,50,CINEMATOGRAPHY,Vilmos Zsigmond,Close Encounters of the Third Kind
837,,1978,50,COSTUME DESIGN,John Mollo,Star Wars
838,,1978,50,DOCUMENTARY (Feature),"John Korty, Dan McCann and Warren L. Lockhart, Producers",Who Are the DeBolts? And Where Did They Get Nineteen Kids?
839,,1978,50,DOCUMENTARY (Short Subject),"John Joseph and Jan Stussy, Producers",Gravity Is My Enemy
840,,1978,50,FILM EDITING,"Paul Hirsch, Marcia Lucas, Richard Chew",Star Wars
841,,1978,50,FOREIGN LANGUAGE FILM,France,Madame Rosa
842,,1978,50,MUSIC (Original Score),John Williams,Star Wars
843,,1978,50,MUSIC (Original Song Score and Its Adaptation or Adaptation Score),Adaptation Score by Jonathan Tunick,A Little Night Music
844,,1978,50,MUSIC (Original Song),Music and Lyrics by Joseph Brooks,You Light Up My Life
845,,1978,50,SHORT FILM (Animated),"Co Hoedeman, Producer",The Sand Castle
846,,1978,50,SHORT FILM (Live Action),"Beverly Shaffer and Yuki Yoshida, Producers",I'll Find a Way
847,,1978,50,SOUND,"Don MacDougall, Ray West, Bob Minkler, Derek Ball",Star Wars
848,,1978,50,SPECIAL ACHIEVEMENT AWARD (Sound Effects Editing),Frank E. Warner,Close Encounters of the Third Kind
849,,1978,50,VISUAL EFFECTS,"John Stears, John Dykstra, Richard Edlund, Grant McCune, Robert Blalack",Star Wars
850,,1978,50,WRITING (Screenplay Written Directly for the Screen--based on factual material or on story material not previously published or produced),"Woody Allen, Marshall Brickman",Annie Hall
851,,1978,50,WRITING (Screenplay--based on material from another medium),Alvin Sargent,Julia
852,,1979,51,ART DIRECTION,"Art Direction:  Paul Sylbert, Edwin O'Donovan;  Set Decoration:  George Gaines",Heaven Can Wait
853,,1979,51,BEST PICTURE,"Barry Spikings, Michael Deeley, Michael Cimino and John Peverall, Producers",The Deer Hunter
854,,1979,51,CINEMATOGRAPHY,Nestor Almendros,Days of Heaven
855,,1979,51,COSTUME DESIGN,Anthony Powell,Death on the Nile
856,,1979,51,DOCUMENTARY (Feature),"Arnold Shapiro, Producer",Scared Straight!
857,,1979,51,DOCUMENTARY (Short Subject),"Jacqueline Phillips Shedd and Ben Shedd, Producers",The Flight of the Gossamer Condor
858,,1979,51,FILM EDITING,Peter Zinner,The Deer Hunter
859,,1979,51,FOREIGN LANGUAGE FILM,France,Get Out Your Handkerchiefs
860,,1979,51,MUSIC (Adaptation Score),Joe Renzetti,The Buddy Holly Story
861,,1979,51,MUSIC (Original Score),Giorgio Moroder,Midnight Express
862,,1979,51,MUSIC (Original Song),Music and Lyrics by Paul Jabara,Thank God It's Friday
863,,1979,51,SHORT FILM (Animated),"Eunice Macaulay and John Weldon, Producers",Special Delivery
864,,1979,51,SHORT FILM (Live Action),"Taylor Hackford, Producer",Teenage Father
865,,1979,51,SOUND,"Richard Portman, William McCaughey, Aaron Rochin, Darin Knight",The Deer Hunter
866,,1979,51,SPECIAL ACHIEVEMENT AWARD (Visual Effects),"Les Bowie, Colin Chilvers, Denys Coop, Roy Field, Derek Meddings, Zoran Perisic",Superman
867,,1979,51,WRITING (Screenplay Based on Material from Another Medium),Oliver Stone,Midnight Express
868,,1979,51,WRITING (Screenplay Written Directly for the Screen),"Story by Nancy Dowd;  Screenplay by Waldo Salt, Robert C. Jones",Coming Home
869,,1980,52,ART DIRECTION,"Art Direction:  Philip Rosenberg, Tony Walton;  Set Decoration:  Edward Stewart, Gary Brink",All That Jazz
870,,1980,52,BEST PICTURE,"Stanley R. Jaffe, Producer",Kramer vs. Kramer
871,,1980,52,CINEMATOGRAPHY,Vittorio Storaro,Apocalypse Now
872,,1980,52,COSTUME DESIGN,Albert Wolsky,All That Jazz
873,,1980,52,DOCUMENTARY (Feature),"Ira Wohl, Producer",Best Boy
874,,1980,52,DOCUMENTARY (Short Subject),"Saul J. Turell, Producer",Paul Robeson: Tribute to an Artist
875,,1980,52,FILM EDITING,Alan Heim,All That Jazz
876,,1980,52,FOREIGN LANGUAGE FILM,Federal Republic of Germany,The Tin Drum
877,,1980,52,MUSIC (Original Score),Georges Delerue,A Little Romance
878,,1980,52,MUSIC (Original Song Score and Its Adaptation -or- Adaptation Score),Adaptation Score by Ralph Burns,All That Jazz
879,,1980,52,MUSIC (Original Song),Music by David Shire; Lyric by Norman Gimbel,Norma Rae
880,,1980,52,SHORT FILM (Animated),"Derek Lamb, Producer",Every Child
881,,1980,52,SHORT FILM (Live Action),"Sarah Pillsbury and Ron Ellis, Producers",Board and Care
882,,1980,52,SOUND,"Walter Murch, Mark Berger, Richard Beggs, Nat Boxer",Apocalypse Now
883,,1980,52,SPECIAL ACHIEVEMENT AWARD (Sound Editing),Alan Splet,The Black Stallion
884,,1980,52,VISUAL EFFECTS,"H.R. Giger, Carlo Rambaldi, Brian Johnson, Nick Allder, Denys Ayling",Alien
885,,1980,52,WRITING (Screenplay Based on Material from Another Medium),Robert Benton,Kramer vs. Kramer
886,,1980,52,WRITING (Screenplay Written Directly for the Screen),Steve Tesich,Breaking Away
887,,1981,53,ART DIRECTION,"Art Direction:  Pierre Guffroy, Jack Stephens",Tess
888,,1981,53,BEST PICTURE,"Ronald L. Schwary, Producer",Ordinary People
889,,1981,53,CINEMATOGRAPHY,"Geoffrey Unsworth, Ghislain Cloquet",Tess
890,,1981,53,COSTUME DESIGN,Anthony Powell,Tess
891,,1981,53,DOCUMENTARY (Feature),"Murray Lerner, Producer",From Mao to Mozart: Isaac Stern in China
892,,1981,53,DOCUMENTARY (Short Subject),"Roland Hallé and Peter W. Ladue, Producers",Karl Hess: Toward Liberty
893,,1981,53,FILM EDITING,Thelma Schoonmaker,Raging Bull
894,,1981,53,FOREIGN LANGUAGE FILM,Union of Soviet Socialist Republics,Moscow Does Not Believe in Tears
895,,1981,53,MUSIC (Original Score),Michael Gore,Fame
896,,1981,53,MUSIC (Original Song),Music by Michael Gore; Lyric by Dean Pitchford,Fame
897,,1981,53,SHORT FILM (Animated),"Ferenc Rofusz, Producer",The Fly
898,,1981,53,SHORT FILM (Dramatic Live Action),"Lloyd Phillips, Producer",The Dollar Bottom
899,,1981,53,SOUND,"Bill Varney, Steve Maslow, Gregg Landaker, Peter Sutton",The Empire Strikes Back
900,,1981,53,SPECIAL ACHIEVEMENT AWARD (Visual Effects),"Brian Johnson, Richard Edlund, Dennis Muren, Bruce Nicholson",The Empire Strikes Back
901,,1981,53,WRITING (Screenplay Based on Material from Another Medium),Alvin Sargent,Ordinary People
902,,1981,53,WRITING (Screenplay Written Directly for the Screen),Bo Goldman,Melvin and Howard
903,,1982,54,ART DIRECTION,"Art Direction:  Norman Reynolds, Leslie Dilley;  Set Decoration:  Michael Ford",Raiders of the Lost Ark
904,,1982,54,BEST PICTURE,"David Puttnam, Producer",Chariots of Fire
905,,1982,54,CINEMATOGRAPHY,Vittorio Storaro,Reds
906,,1982,54,COSTUME DESIGN,Milena Canonero,Chariots of Fire
907,,1982,54,DOCUMENTARY (Feature),"Arnold Schwartzman and Rabbi Marvin Hier, Producers",Genocide
908,,1982,54,DOCUMENTARY (Short Subject),"Nigel Noble, Producer",Close Harmony
909,,1982,54,FILM EDITING,Michael Kahn,Raiders of the Lost Ark
910,,1982,54,FOREIGN LANGUAGE FILM,Hungary,Mephisto
911,,1982,54,MAKEUP,Rick Baker,An American Werewolf in London
912,,1982,54,MUSIC (Original Score),Vangelis,Chariots of Fire
913,,1982,54,MUSIC (Original Song),"Music and Lyric by Burt Bacharach, Carole Bayer Sager, Christopher Cross and Peter Allen",Arthur
914,,1982,54,SHORT FILM (Animated),"Frédéric Back, Producer",Crac
915,,1982,54,SHORT FILM (Live Action),"Paul Kemp and Shelley Levinson, Producers",Violet
916,,1982,54,SOUND,"Bill Varney, Steve Maslow, Gregg Landaker, Roy Charman",Raiders of the Lost Ark
917,,1982,54,SPECIAL ACHIEVEMENT AWARD (Sound Effects Editing),"Ben Burtt, Richard L. Anderson",Raiders of the Lost Ark
918,,1982,54,VISUAL EFFECTS,"Richard Edlund, Kit West, Bruce Nicholson, Joe Johnston",Raiders of the Lost Ark
919,,1982,54,WRITING (Screenplay Based on Material from Another Medium),Ernest Thompson,On Golden Pond
920,,1982,54,WRITING (Screenplay Written Directly for the Screen),Colin Welland,Chariots of Fire
921,,1983,55,ART DIRECTION,"Art Direction:  Stuart Craig, Bob Laing;  Set Decoration:  Michael Seirton",Gandhi
922,,1983,55,BEST PICTURE,"Richard Attenborough, Producer",Gandhi
923,,1983,55,CINEMATOGRAPHY,"Billy Williams, Ronnie Taylor",Gandhi
924,,1983,55,COSTUME DESIGN,"John Mollo, Bhanu Athaiya",Gandhi
925,,1983,55,DOCUMENTARY (Feature),"John Zaritsky, Producer",Just Another Missing Kid
926,,1983,55,DOCUMENTARY (Short Subject),"Edward Le Lorrain and Terri Nash, Producers",If You Love This Planet
927,,1983,55,FILM EDITING,John Bloom,Gandhi
928,,1983,55,FOREIGN LANGUAGE FILM,Spain,Volver a Empezar ('To Begin Again')
929,,1983,55,MAKEUP,"Sarah Monzani, Michèle Burke",Quest for Fire
930,,1983,55,MUSIC (Original Score),John Williams,E.T. The Extra-Terrestrial
931,,1983,55,MUSIC (Original Song Score and Its Adaptation -or- Adaptation Score),Song Score by Henry Mancini and Leslie Bricusse; Adaptation Score by Henry Mancini,Victor/Victoria
932,,1983,55,MUSIC (Original Song),Music by Jack Nitzsche and Buffy Sainte-Marie; Lyric by Will Jennings,An Officer and a Gentleman
933,,1983,55,SHORT FILM (Animated),"Zbigniew Rybczynski, Producer",Tango
934,,1983,55,SHORT FILM (Live Action),"Christine Oestreicher, Producer",A Shocking Accident
935,,1983,55,SOUND,"Robert Knudson, Robert Glass, Don Digirolamo, Gene Cantamessa",E.T. The Extra-Terrestrial
936,,1983,55,SOUND EFFECTS EDITING,"Charles L. Campbell, Ben Burtt",E.T. The Extra-Terrestrial
937,,1983,55,VISUAL EFFECTS,"Carlo Rambaldi, Dennis Muren, Kenneth F. Smith",E.T. The Extra-Terrestrial
938,,1983,55,WRITING (Screenplay Based on Material from Another Medium),"Costa-Gavras, Donald Stewart",Missing
939,,1983,55,WRITING (Screenplay Written Directly for the Screen),John Briley,Gandhi
940,,1984,56,ART DIRECTION,Anna Asp,Fanny & Alexander
941,,1984,56,BEST PICTURE,"James L. Brooks, Producer",Terms of Endearment
942,,1984,56,CINEMATOGRAPHY,Sven Nykvist,Fanny & Alexander
943,,1984,56,COSTUME DESIGN,Marik Vos,Fanny & Alexander
944,,1984,56,DOCUMENTARY (Feature),"Emile Ardolino, Producer",He Makes Me Feel Like Dancin'
945,,1984,56,DOCUMENTARY (Short Subject),"Cynthia Scott and Adam Symansky, Producers",Flamenco at 5:15
946,,1984,56,FILM EDITING,"Glenn Farr, Lisa Fruchtman, Stephen A. Rotter, Douglas Stewart, Tom Rolf",The Right Stuff
947,,1984,56,FOREIGN LANGUAGE FILM,Sweden,Fanny & Alexander
948,,1984,56,MUSIC (Original Score),Bill Conti,The Right Stuff
949,,1984,56,MUSIC (Original Song Score or Adaptation Score),"Song Score by Michel Legrand, Alan Bergman and Marilyn Bergman",Yentl
950,,1984,56,MUSIC (Original Song),Music by Giorgio Moroder; Lyric by Keith Forsey and Irene Cara,Flashdance
951,,1984,56,SHORT FILM (Animated),"Jimmy Picker, Producer",Sundae in New York
952,,1984,56,SHORT FILM (Live Action),"Janice L. Platt, Producer",Boys and Girls
953,,1984,56,SOUND,"Mark Berger, Tom Scott, Randy Thom, David MacMillan",The Right Stuff
954,,1984,56,SOUND EFFECTS EDITING,Jay Boekelheide,The Right Stuff
955,,1984,56,SPECIAL ACHIEVEMENT AWARD (Visual Effects),"Richard Edlund, Dennis Muren, Ken Ralston, Phil Tippett",Return of the Jedi
956,,1984,56,WRITING (Screenplay Based on Material from Another Medium),James L. Brooks,Terms of Endearment
957,,1984,56,WRITING (Screenplay Written Directly for the Screen),Horton Foote,Tender Mercies
958,,1985,57,ART DIRECTION,Art Direction:  Patrizia Von Brandenstein;  Set Decoration:  Karel Cerny,Amadeus
959,,1985,57,BEST PICTURE,"Saul Zaentz, Producer",Amadeus
960,,1985,57,CINEMATOGRAPHY,Chris Menges,The Killing Fields
961,,1985,57,COSTUME DESIGN,Theodor Pistek,Amadeus
962,,1985,57,DOCUMENTARY (Feature),"Robert Epstein and Richard Schmiechen, Producers",The Times of Harvey Milk
963,,1985,57,DOCUMENTARY (Short Subject),"Marjorie Hunt and Paul Wagner, Producers",The Stone Carvers
964,,1985,57,FILM EDITING,Jim Clark,The Killing Fields
965,,1985,57,FOREIGN LANGUAGE FILM,Switzerland,Dangerous Moves
966,,1985,57,MAKEUP,"Paul LeBlanc, Dick Smith",Amadeus
967,,1985,57,MUSIC (Original Score),Maurice Jarre,A Passage to India
968,,1985,57,MUSIC (Original Song Score),Prince,Purple Rain
969,,1985,57,MUSIC (Original Song),Music and Lyric by Stevie Wonder,The Woman in Red
970,,1985,57,SHORT FILM (Animated),"Jon Minnis, Producer",Charade
971,,1985,57,SHORT FILM (Live Action),"Mike Hoover, Producer",Up
972,,1985,57,SOUND,"Mark Berger, Tom Scott, Todd Boekelheide, Chris Newman",Amadeus
973,,1985,57,SPECIAL ACHIEVEMENT AWARD (Sound Effects Editing),Kay Rose,The River
974,,1985,57,VISUAL EFFECTS,"Dennis Muren, Michael McAlister, Lorne Peterson, George Gibbs",Indiana Jones and the Temple of Doom
975,,1985,57,WRITING (Screenplay Based on Material from Another Medium),Peter Shaffer,Amadeus
976,,1985,57,WRITING (Screenplay Written Directly for the Screen),Robert Benton,Places in the Heart
977,,1986,58,ART DIRECTION,Art Direction:  Stephen Grimes;  Set Decoration:  Josie MacAvin,Out of Africa
978,,1986,58,BEST PICTURE,"Sydney Pollack, Producer",Out of Africa
979,,1986,58,CINEMATOGRAPHY,David Watkin,Out of Africa
980,,1986,58,COSTUME DESIGN,Emi Wada,Ran
981,,1986,58,DOCUMENTARY (Feature),"Maria Florio and Victoria Mudd, Producers",Broken Rainbow
982,,1986,58,DOCUMENTARY (Short Subject),"David Goodman, Producer",Witness to War: Dr. Charlie Clements
983,,1986,58,FILM EDITING,Thom Noble,Witness
984,,1986,58,FOREIGN LANGUAGE FILM,Argentina,The Official Story
985,,1986,58,MAKEUP,"Michael Westmore, Zoltan Elek",Mask
986,,1986,58,MUSIC (Original Score),John Barry,Out of Africa
987,,1986,58,MUSIC (Original Song),Music and Lyric by Lionel Richie,White Nights
988,,1986,58,SHORT FILM (Animated),"Cilia Van Dijk, Producer",Anna & Bella
989,,1986,58,SHORT FILM (Live Action),"Jeff Brown and Chris Pelzer, Producers",Molly's Pilgrim
990,,1986,58,SOUND,"Chris Jenkins, Gary Alexander, Larry Stensvold, Peter Handford",Out of Africa
991,,1986,58,SOUND EFFECTS EDITING,"Charles L. Campbell, Robert Rutledge",Back to the Future
992,,1986,58,VISUAL EFFECTS,"Ken Ralston, Ralph McQuarrie, Scott Farrar, David Berry",Cocoon
993,,1986,58,WRITING (Screenplay Based on Material from Another Medium),Kurt Luedtke,Out of Africa
994,,1986,58,WRITING (Screenplay Written Directly for the Screen),"Screenplay by Earl W. Wallace, William Kelley;  Story by William Kelley, Pamela Wallace, Earl W. Wallace",Witness
995,,1987,59,ART DIRECTION,"Art Direction:  Gianni Quaranta, Brian Ackland-Snow;  Set Decoration:  Brian Savegar, Elio Altamura",A Room with a View
996,,1987,59,BEST PICTURE,"Arnold Kopelson, Producer",Platoon
997,,1987,59,CINEMATOGRAPHY,Chris Menges,The Mission
998,,1987,59,COSTUME DESIGN,"Jenny Beavan, John Bright",A Room with a View
999,,1987,59,DOCUMENTARY (Feature),"Brigitte Berman, Producer",Artie Shaw: Time Is All You've Got
1000,,1987,59,DOCUMENTARY (Feature),"Joseph Feury and Milton Justice, Producers",Down and Out in America
1001,,1987,59,DOCUMENTARY (Short Subject),"Vivienne Verdon-Roe, Producer","Women--for America, for the World"
1002,,1987,59,FILM EDITING,Claire Simpson,Platoon
1003,,1987,59,FOREIGN LANGUAGE FILM,The Netherlands,The Assault
1004,,1987,59,MAKEUP,"Chris Walas, Stephan Dupuis",The Fly
1005,,1987,59,MUSIC (Original Score),Herbie Hancock,'Round Midnight
1006,,1987,59,MUSIC (Original Song),Music by Giorgio Moroder; Lyric by Tom Whitlock,Top Gun
1007,,1987,59,SHORT FILM (Animated),"Linda Van Tulden and Willem Thijssen, Producers",A Greek Tragedy
1008,,1987,59,SHORT FILM (Live Action),"Chuck Workman, Producer",Precious Images
1009,,1987,59,SOUND,"John K. Wilkinson, Richard Rogers, Charles 'Bud' Grenzbach,  Simon Kaye",Platoon
1010,,1987,59,SOUND EFFECTS EDITING,Don Sharpe,Aliens
1011,,1987,59,VISUAL EFFECTS,"Robert Skotak, Stan Winston, John Richardson, Suzanne Benson",Aliens
1012,,1987,59,WRITING (Screenplay Based on Material from Another Medium),Ruth Prawer Jhabvala,A Room with a View
1013,,1987,59,WRITING (Screenplay Written Directly for the Screen),Woody Allen,Hannah and Her Sisters
1014,,1988,60,ART DIRECTION,"Art Direction:  Ferdinando Scarfiotti;  Set Decoration:  Bruno Cesari, Osvaldo Desideri",The Last Emperor
1015,,1988,60,BEST PICTURE,"Jeremy Thomas, Producer",The Last Emperor
1016,,1988,60,CINEMATOGRAPHY,Vittorio Storaro,The Last Emperor
1017,,1988,60,COSTUME DESIGN,James Acheson,The Last Emperor
1018,,1988,60,DOCUMENTARY (Feature),"Aviva Slesin, Producer",The Ten-Year Lunch: The Wit and Legend of the Algonquin Round Table
1019,,1988,60,DOCUMENTARY (Short Subject),"Sue Marx and Pamela Conn, Producers",Young at Heart
1020,,1988,60,FILM EDITING,Gabriella Cristiani,The Last Emperor
1021,,1988,60,FOREIGN LANGUAGE FILM,Denmark,Babette's Feast
1022,,1988,60,MAKEUP,Rick Baker,Harry and the Hendersons
1023,,1988,60,MUSIC (Original Score),"Ryuichi Sakamoto, David Byrne, Cong Su",The Last Emperor
1024,,1988,60,MUSIC (Original Song),"Music by Franke Previte, John DeNicola and Donald Markowitz; Lyric by Franke Previte",Dirty Dancing
1025,,1988,60,SHORT FILM (Animated),"Frédéric Back, Producer",The Man Who Planted Trees
1026,,1988,60,SHORT FILM (Live Action),"Jonathan Sanger and Jana Sue Memel, Producers",Ray's Male Heterosexual Dance Hall
1027,,1988,60,SOUND,"Bill Rowe, Ivan Sharrock",The Last Emperor
1028,,1988,60,SPECIAL ACHIEVEMENT AWARD (Sound Effects Editing),"Stephen Flick, John Pospisil",RoboCop
1029,,1988,60,VISUAL EFFECTS,"Dennis Muren, William George, Harley Jessup, Kenneth Smith",Innerspace
1030,,1988,60,WRITING (Screenplay Based on Material from Another Medium),"Mark Peploe, Bernardo Bertolucci",The Last Emperor
1031,,1988,60,WRITING (Screenplay Written Directly for the Screen),John Patrick Shanley,Moonstruck
1032,,1989,61,ART DIRECTION,Art Direction:  Stuart Craig;  Set Decoration:  Gerard James,Dangerous Liaisons
1033,,1989,61,BEST PICTURE,"Mark Johnson, Producer",Rain Man
1034,,1989,61,CINEMATOGRAPHY,Peter Biziou,Mississippi Burning
1035,,1989,61,COSTUME DESIGN,James Acheson,Dangerous Liaisons
1036,,1989,61,DOCUMENTARY (Feature),"Marcel Ophuls, Producer",Hotel Terminus: The Life and Times of Klaus Barbie
1037,,1989,61,DOCUMENTARY (Short Subject),"William Guttentag and Malcolm Clarke, Producers",You Don't Have to Die
1038,,1989,61,FILM EDITING,Arthur Schmidt,Who Framed Roger Rabbit
1039,,1989,61,FOREIGN LANGUAGE FILM,Denmark,Pelle the Conqueror
1040,,1989,61,MAKEUP,"Ve Neill, Steve La Porte, Robert Short",Beetlejuice
1041,,1989,61,MUSIC (Original Score),Dave Grusin,The Milagro Beanfield War
1042,,1989,61,MUSIC (Original Song),Music and Lyric by Carly Simon,Working Girl
1043,,1989,61,SHORT FILM (Animated),"John Lasseter, William Reeves",Tin Toy
1044,,1989,61,SHORT FILM (Live Action),"Dean Parisot, Steven Wright",The Appointments of Dennis Jennings
1045,,1989,61,SOUND,"Les Fresholtz, Dick Alexander, Vern Poore, Willie D. Burton",Bird
1046,,1989,61,SOUND EFFECTS EDITING,"Charles L. Campbell, Louis L. Edemann",Who Framed Roger Rabbit
1047,,1989,61,VISUAL EFFECTS,"Ken Ralston, Richard Williams, Edward Jones, George Gibbs",Who Framed Roger Rabbit
1048,,1989,61,WRITING (Screenplay Based on Material from Another Medium),Christopher Hampton,Dangerous Liaisons
1049,,1989,61,WRITING (Screenplay Written Directly for the Screen),"Screenplay by Ronald Bass, Barry Morrow;  Story by Barry Morrow",Rain Man
1050,,1990,62,ART DIRECTION,Art Direction:  Anton Furst;  Set Decoration:  Peter Young,Batman
1051,,1990,62,BEST PICTURE,"Richard D. Zanuck and Lili Fini Zanuck, Producers",Driving Miss Daisy
1052,,1990,62,CINEMATOGRAPHY,Freddie Francis,Glory
1053,,1990,62,COSTUME DESIGN,Phyllis Dalton,Henry V
1054,,1990,62,DOCUMENTARY (Feature),"Robert Epstein and Bill Couturié, Producers",Common Threads: Stories from the Quilt
1055,,1990,62,DOCUMENTARY (Short Subject),"Charles Guggenheim, Producer",The Johnstown Flood
1056,,1990,62,FILM EDITING,"David Brenner, Joe Hutshing",Born on the Fourth of July
1057,,1990,62,FOREIGN LANGUAGE FILM,Italy,Cinema Paradiso
1058,,1990,62,MAKEUP,"Manlio Rocchetti, Lynn Barber, Kevin Haney",Driving Miss Daisy
1059,,1990,62,MUSIC (Original Score),Alan Menken,The Little Mermaid
1060,,1990,62,MUSIC (Original Song),Music by Alan Menken; Lyric by Howard Ashman,The Little Mermaid
1061,,1990,62,SHORT FILM (Animated),"Christoph Lauenstein, Wolfgang Lauenstein",Balance
1062,,1990,62,SHORT FILM (Live Action),James Hendrie,Work Experience
1063,,1990,62,SOUND,"Donald O. Mitchell, Gregg C. Rudloff, Elliot Tyson, Russell Williams II",Glory
1064,,1990,62,SOUND EFFECTS EDITING,"Ben Burtt, Richard Hymns",Indiana Jones and the Last Crusade
1065,,1990,62,VISUAL EFFECTS,"John Bruno, Dennis Muren, Hoyt Yeatman, Dennis Skotak",The Abyss
1066,,1990,62,WRITING (Screenplay Based on Material from Another Medium),Alfred Uhry,Driving Miss Daisy
1067,,1990,62,WRITING (Screenplay Written Directly for the Screen),Tom Schulman,Dead Poets Society
1068,,1991,63,ART DIRECTION,Art Direction:  Richard Sylbert;  Set Decoration:  Rick Simpson,Dick Tracy
1069,,1991,63,BEST PICTURE,"Jim Wilson and Kevin Costner, Producers",Dances With Wolves
1070,,1991,63,CINEMATOGRAPHY,Dean Semler,Dances With Wolves
1071,,1991,63,COSTUME DESIGN,Franca Squarciapino,Cyrano de Bergerac
1072,,1991,63,DOCUMENTARY (Feature),"Barbara Kopple and Arthur Cohn, Producers",American Dream
1073,,1991,63,DOCUMENTARY (Short Subject),"Steven Okazaki, Producer",Days of Waiting
1074,,1991,63,FILM EDITING,Neil Travis,Dances With Wolves
1075,,1991,63,FOREIGN LANGUAGE FILM,Switzerland,Journey of Hope
1076,,1991,63,MAKEUP,"John Caglione, Jr., Doug Drexler",Dick Tracy
1077,,1991,63,MUSIC (Original Score),John Barry,Dances With Wolves
1078,,1991,63,MUSIC (Original Song),Music and Lyric by Stephen Sondheim,Dick Tracy
1079,,1991,63,SHORT FILM (Animated),Nick Park,Creature Comforts
1080,,1991,63,SHORT FILM (Live Action),Adam Davidson,The Lunch Date
1081,,1991,63,SOUND,"Jeffrey Perkins, Bill W. Benton, Greg Watkins, Russell Williams II",Dances With Wolves
1082,,1991,63,SOUND EFFECTS EDITING,"Cecelia Hall, George Watters II",The Hunt for Red October
1083,,1991,63,SPECIAL ACHIEVEMENT AWARD (Visual Effects),"Eric Brevig, Rob Bottin, Tim McGovern, Alex Funke",Total Recall
1084,,1991,63,WRITING (Screenplay Based on Material from Another Medium),Michael Blake,Dances With Wolves
1085,,1991,63,WRITING (Screenplay Written Directly for the Screen),Bruce Joel Rubin,Ghost
1086,,1992,64,ART DIRECTION,Art Direction:  Dennis Gassner;  Set Decoration:  Nancy Haigh,Bugsy
1087,,1992,64,BEST PICTURE,"Edward Saxon, Kenneth Utt and Ron Bozman, Producers",The Silence of the Lambs
1088,,1992,64,CINEMATOGRAPHY,Robert Richardson,JFK
1089,,1992,64,COSTUME DESIGN,Albert Wolsky,Bugsy
1090,,1992,64,DOCUMENTARY (Feature),"Allie Light and Irving Saraf, Producers",In the Shadow of the Stars
1091,,1992,64,DOCUMENTARY (Short Subject),"Debra Chasnoff, Producer","Deadly Deception: General Electric, Nuclear Weapons and Our Environment"
1092,,1992,64,FILM EDITING,"Joe Hutshing, Pietro Scalia",JFK
1093,,1992,64,FOREIGN LANGUAGE FILM,Italy,Mediterraneo
1094,,1992,64,MAKEUP,"Stan Winston, Jeff Dawn",Terminator 2: Judgment Day
1095,,1992,64,MUSIC (Original Score),Alan Menken,Beauty and the Beast
1096,,1992,64,MUSIC (Original Song),Music by Alan Menken; Lyric by Howard Ashman,Beauty and the Beast
1097,,1992,64,SHORT FILM (Animated),Daniel Greaves,Manipulation
1098,,1992,64,SHORT FILM (Live Action),"Seth Winston, Rob Fried",Session Man
1099,,1992,64,SOUND,"Tom Johnson, Gary Rydstrom, Gary Summers, Lee Orloff",Terminator 2: Judgment Day
1100,,1992,64,SOUND EFFECTS EDITING,"Gary Rydstrom, Gloria S. Borders",Terminator 2: Judgment Day
1101,,1992,64,VISUAL EFFECTS,"Dennis Muren, Stan Winston, Gene Warren, Jr., Robert Skotak",Terminator 2: Judgment Day
1102,,1992,64,WRITING (Screenplay Based on Material Previously Produced or Published),Ted Tally,The Silence of the Lambs
1103,,1992,64,WRITING (Screenplay Written Directly for the Screen),Callie Khouri,Thelma & Louise
1104,,1993,65,ART DIRECTION,Art Direction:  Luciana Arrighi;  Set Decoration:  Ian Whittaker,Howards End
1105,,1993,65,BEST PICTURE,"Clint Eastwood, Producer",Unforgiven
1106,,1993,65,CINEMATOGRAPHY,Philippe Rousselot,A River Runs through It
1107,,1993,65,COSTUME DESIGN,Eiko Ishioka,Bram Stoker's Dracula
1108,,1993,65,DOCUMENTARY (Feature),"Barbara Trent and David Kasper, Producers",The Panama Deception
1109,,1993,65,DOCUMENTARY (Short Subject),"Thomas C. Goodwin and Gerardine Wurzburg, Producers",Educating Peter
1110,,1993,65,FILM EDITING,Joel Cox,Unforgiven
1111,,1993,65,FOREIGN LANGUAGE FILM,France,Indochine
1112,,1993,65,MAKEUP,"Greg Cannom, Michèle Burke, Matthew W. Mungle",Bram Stoker's Dracula
1113,,1993,65,MUSIC (Original Score),Alan Menken,Aladdin
1114,,1993,65,MUSIC (Original Song),Music by Alan Menken; Lyric by Tim Rice,Aladdin
1115,,1993,65,SHORT FILM (Animated),Joan C. Gratz,Mona Lisa Descending a Staircase
1116,,1993,65,SHORT FILM (Live Action),Sam Karmann,Omnibus
1117,,1993,65,SOUND,"Chris Jenkins, Doug Hemphill, Mark Smith, Simon Kaye",The Last of the Mohicans
1118,,1993,65,SOUND EFFECTS EDITING,"Tom C. McCarthy, David E. Stone",Bram Stoker's Dracula
1119,,1993,65,VISUAL EFFECTS,"Ken Ralston, Doug Chiang, Doug Smythe, Tom Woodruff, Jr.",Death Becomes Her
1120,,1993,65,WRITING (Screenplay Based on Material Previously Produced or Published),Ruth Prawer Jhabvala,Howards End
1121,,1993,65,WRITING (Screenplay Written Directly for the Screen),Neil Jordan,The Crying Game
1122,,1994,66,ART DIRECTION,Art Direction:  Allan Starski;  Set Decoration:  Ewa Braun,Schindler's List
1123,,1994,66,BEST PICTURE,"Steven Spielberg, Gerald R. Molen and Branko Lustig, Producers",Schindler's List
1124,,1994,66,CINEMATOGRAPHY,Janusz Kaminski,Schindler's List
1125,,1994,66,COSTUME DESIGN,Gabriella Pescucci,The Age of Innocence
1126,,1994,66,DOCUMENTARY (Feature),"Susan Raymond, Alan Raymond",I Am a Promise: The Children of Stanton Elementary School
1127,,1994,66,DOCUMENTARY (Short Subject),"Margaret Lazarus, Renner Wunderlich",Defending Our Lives
1128,,1994,66,FILM EDITING,Michael Kahn,Schindler's List
1129,,1994,66,FOREIGN LANGUAGE FILM,Spain,Belle Epoque
1130,,1994,66,MAKEUP,"Greg Cannom, Ve Neill, Yolanda Toussieng",Mrs. Doubtfire
1131,,1994,66,MUSIC (Original Score),John Williams,Schindler's List
1132,,1994,66,MUSIC (Original Song),Music and Lyric by Bruce Springsteen,Philadelphia
1133,,1994,66,SHORT FILM (Animated),Nick Park,The Wrong Trousers
1134,,1994,66,SHORT FILM (Live Action),Pepe Danquart,Black Rider (Schwarzfahrer)
1135,,1994,66,SOUND,"Gary Summers, Gary Rydstrom, Shawn Murphy, Ron Judkins",Jurassic Park
1136,,1994,66,SOUND EFFECTS EDITING,"Gary Rydstrom, Richard Hymns",Jurassic Park
1137,,1994,66,VISUAL EFFECTS,"Dennis Muren, Stan Winston, Phil Tippett, Michael Lantieri",Jurassic Park
1138,,1994,66,WRITING (Screenplay Based on Material Previously Produced or Published),Steven Zaillian,Schindler's List
1139,,1994,66,WRITING (Screenplay Written Directly for the Screen),Jane Campion,The Piano
1140,,1995,67,ART DIRECTION,Art Direction:  Ken Adam;  Set Decoration:  Carolyn Scott,The Madness of King George
1141,,1995,67,BEST PICTURE,"Wendy Finerman, Steve Tisch and Steve Starkey, Producers",Forrest Gump
1142,,1995,67,CINEMATOGRAPHY,John Toll,Legends of the Fall
1143,,1995,67,COSTUME DESIGN,"Lizzy Gardiner, Tim Chappel","The Adventures of Priscilla, Queen of the Desert"
1144,,1995,67,DOCUMENTARY (Feature),"Freida Lee Mock, Terry Sanders",Maya Lin: A Strong Clear Vision
1145,,1995,67,DOCUMENTARY (Short Subject),Charles Guggenheim,A Time for Justice
1146,,1995,67,FILM EDITING,Arthur Schmidt,Forrest Gump
1147,,1995,67,FOREIGN LANGUAGE FILM,Russia,Burnt by the Sun
1148,,1995,67,MAKEUP,"Rick Baker, Ve Neill, Yolanda Toussieng",Ed Wood
1149,,1995,67,MUSIC (Original Score),Hans Zimmer,The Lion King
1150,,1995,67,MUSIC (Original Song),Music by Elton John; Lyric by Tim Rice,The Lion King
1151,,1995,67,SHORT FILM (Animated),"Alison Snowden, David Fine",Bob's Birthday
1152,,1995,67,SHORT FILM (Live Action),"Peter Capaldi, Ruth Kenley-Letts",Franz Kafka's It's a Wonderful Life
1153,,1995,67,SHORT FILM (Live Action),"Peggy Rajski, Randy Stone",Trevor
1154,,1995,67,SOUND,"Gregg Landaker, Steve Maslow, Bob Beemer, David R. B. MacMillan",Speed
1155,,1995,67,SOUND EFFECTS EDITING,Stephen Hunter Flick,Speed
1156,,1995,67,VISUAL EFFECTS,"Ken Ralston, George Murphy, Stephen Rosenbaum, Allen Hall",Forrest Gump
1157,,1995,67,WRITING (Screenplay Based on Material Previously Produced or Published),Eric Roth,Forrest Gump
1158,,1995,67,WRITING (Screenplay Written Directly for the Screen),Screenplay by Quentin Tarantino;  Stories by Quentin Tarantino & Roger Avary,Pulp Fiction
1159,,1996,68,ART DIRECTION,Eugenio Zanetti,Restoration
1160,,1996,68,BEST PICTURE,"Mel Gibson, Alan Ladd, Jr. and Bruce Davey, Producers",Braveheart
1161,,1996,68,CINEMATOGRAPHY,John Toll,Braveheart
1162,,1996,68,COSTUME DESIGN,James Acheson,Restoration
1163,,1996,68,DOCUMENTARY (Feature),Jon Blair,Anne Frank Remembered
1164,,1996,68,DOCUMENTARY (Short Subject),Kary Antholis,One Survivor Remembers
1165,,1996,68,FILM EDITING,"Mike Hill, Dan Hanley",Apollo 13
1166,,1996,68,FOREIGN LANGUAGE FILM,The Netherlands,Antonia's Line
1167,,1996,68,MAKEUP,"Peter Frampton, Paul Pattison, Lois Burwell",Braveheart
1168,,1996,68,MUSIC (Original Dramatic Score),Luis Enrique Bacalov,The Postman (Il Postino)
1169,,1996,68,MUSIC (Original Musical or Comedy Score),Music by Alan Menken; Lyrics by Stephen Schwartz; Orchestral Score by Alan Menken,Pocahontas
1170,,1996,68,MUSIC (Original Song),Music by Alan Menken; Lyric by Stephen Schwartz,Pocahontas
1171,,1996,68,SHORT FILM (Animated),Nick Park,A Close Shave
1172,,1996,68,SHORT FILM (Live Action),"Christine Lahti, Jana Sue Memel",Lieberman in Love
1173,,1996,68,SOUND,"Rick Dior, Steve Pederson, Scott Millan, David MacMillan",Apollo 13
1174,,1996,68,SOUND EFFECTS EDITING,"Lon Bender, Per Hallberg",Braveheart
1175,,1996,68,VISUAL EFFECTS,"Scott E. Anderson, Charles Gibson, Neal Scanlan, John Cox",Babe
1176,,1996,68,WRITING (Screenplay Based on Material Previously Produced or Published),Emma Thompson,Sense and Sensibility
1177,,1996,68,WRITING (Screenplay Written Directly for the Screen),Christopher McQuarrie,The Usual Suspects
1178,,1997,69,ART DIRECTION,Art Direction:  Stuart Craig;  Set Decoration:  Stephenie McMillan,The English Patient
1179,,1997,69,BEST PICTURE,"Saul Zaentz, Producer",The English Patient
1180,,1997,69,CINEMATOGRAPHY,John Seale,The English Patient
1181,,1997,69,COSTUME DESIGN,Ann Roth,The English Patient
1182,,1997,69,DOCUMENTARY (Feature),"Leon Gast, David Sonenberg",When We Were Kings
1183,,1997,69,DOCUMENTARY (Short Subject),Jessica Yu,Breathing Lessons: The Life and Work of Mark O'Brien
1184,,1997,69,FILM EDITING,Walter Murch,The English Patient
1185,,1997,69,FOREIGN LANGUAGE FILM,Czech Republic,Kolya
1186,,1997,69,MAKEUP,"Rick Baker, David LeRoy Anderson",The Nutty Professor
1187,,1997,69,MUSIC (Original Dramatic Score),Gabriel Yared,The English Patient
1188,,1997,69,MUSIC (Original Musical or Comedy Score),Rachel Portman,Emma
1189,,1997,69,MUSIC (Original Song),Music by Andrew Lloyd Webber; Lyric by Tim Rice,Evita
1190,,1997,69,SHORT FILM (Animated),"Tyron Montgomery, Thomas Stellmach",Quest
1191,,1997,69,SHORT FILM (Live Action),"David Frankel, Barry Jossen",Dear Diary
1192,,1997,69,SOUND,"Walter Murch, Mark Berger, David Parker, Chris Newman",The English Patient
1193,,1997,69,SOUND EFFECTS EDITING,Bruce Stambler,The Ghost and the Darkness
1194,,1997,69,VISUAL EFFECTS,"Volker Engel, Douglas Smith, Clay Pinney, Joseph Viskocil",Independence Day
1195,,1997,69,WRITING (Screenplay Based on Material Previously Produced or Published),Billy Bob Thornton,Sling Blade
1196,,1997,69,WRITING (Screenplay Written Directly for the Screen),"Ethan Coen, Joel Coen",Fargo
1197,,1998,70,ART DIRECTION,Art Direction:  Peter Lamont;  Set Decoration:  Michael Ford,Titanic
1198,,1998,70,BEST PICTURE,"James Cameron and Jon Landau, Producers",Titanic
1199,,1998,70,CINEMATOGRAPHY,Russell Carpenter,Titanic
1200,,1998,70,COSTUME DESIGN,Deborah L. Scott,Titanic
1201,,1998,70,DOCUMENTARY (Feature),"Rabbi Marvin Hier, Richard Trank",The Long Way Home
1202,,1998,70,DOCUMENTARY (Short Subject),"Donna Dewey, Carol Pasternak",A Story of Healing
1203,,1998,70,FILM EDITING,"Conrad Buff, James Cameron, Richard A. Harris",Titanic
1204,,1998,70,FOREIGN LANGUAGE FILM,The Netherlands,Character
1205,,1998,70,MAKEUP,"Rick Baker, David LeRoy Anderson",Men in Black
1206,,1998,70,MUSIC (Original Dramatic Score),James Horner,Titanic
1207,,1998,70,MUSIC (Original Musical or Comedy Score),Anne Dudley,The Full Monty
1208,,1998,70,MUSIC (Original Song),Music by James Horner; Lyric by Will Jennings,Titanic
1209,,1998,70,SHORT FILM (Animated),Jan Pinkava,Geri's Game
1210,,1998,70,SHORT FILM (Live Action),"Chris Tashima, Chris Donahue",Visas and Virtue
1211,,1998,70,SOUND,"Gary Rydstrom, Tom Johnson, Gary Summers, Mark Ulano",Titanic
1212,,1998,70,SOUND EFFECTS EDITING,"Tom Bellfort, Christopher Boyes",Titanic
1213,,1998,70,VISUAL EFFECTS,"Robert Legato, Mark Lasoff, Thomas L. Fisher, Michael Kanfer",Titanic
1214,,1998,70,WRITING (Screenplay Based on Material Previously Produced or Published),"Brian Helgeland, Curtis Hanson",L.A. Confidential
1215,,1998,70,WRITING (Screenplay Written Directly for the Screen),"Ben Affleck, Matt Damon",Good Will Hunting
1216,,1999,71,ART DIRECTION,Art Direction:  Martin Childs;  Set Decoration:  Jill Quertier,Shakespeare in Love
1217,,1999,71,BEST PICTURE,"David Parfitt, Donna Gigliotti, Harvey Weinstein, Edward Zwick and Marc Norman, Producers",Shakespeare in Love
1218,,1999,71,CINEMATOGRAPHY,Janusz Kaminski,Saving Private Ryan
1219,,1999,71,COSTUME DESIGN,Sandy Powell,Shakespeare in Love
1220,,1999,71,DOCUMENTARY (Feature),"James Moll, Ken Lipper",The Last Days
1221,,1999,71,DOCUMENTARY (Short Subject),Keiko Ibi,The Personals: Improvisations on Romance in the Golden Years
1222,,1999,71,FILM EDITING,Michael Kahn,Saving Private Ryan
1223,,1999,71,FOREIGN LANGUAGE FILM,Italy,Life Is Beautiful
1224,,1999,71,MAKEUP,Jenny Shircore,Elizabeth
1225,,1999,71,MUSIC (Original Dramatic Score),Nicola Piovani,Life Is Beautiful
1226,,1999,71,MUSIC (Original Musical or Comedy Score),Stephen Warbeck,Shakespeare in Love
1227,,1999,71,MUSIC (Original Song),Music and Lyric by Stephen Schwartz,The Prince of Egypt
1228,,1999,71,SHORT FILM (Animated),Chris Wedge,Bunny
1229,,1999,71,SHORT FILM (Live Action),"Kim Magnusson, Anders Thomas Jensen",Election Night (Valgaften)
1230,,1999,71,SOUND,"Gary Rydstrom, Gary Summers, Andy Nelson, Ronald Judkins",Saving Private Ryan
1231,,1999,71,SOUND EFFECTS EDITING,"Gary Rydstrom, Richard Hymns",Saving Private Ryan
1232,,1999,71,VISUAL EFFECTS,"Joel Hynek, Nicholas Brooks, Stuart Robertson, Kevin Mack",What Dreams May Come
1233,,1999,71,WRITING (Screenplay Based on Material Previously Produced or Published),Bill Condon,Gods and Monsters
1234,,1999,71,WRITING (Screenplay Written Directly for the Screen),"Marc Norman, Tom Stoppard",Shakespeare in Love
1235,,2000,72,ART DIRECTION,Art Direction:  Rick Heinrichs;  Set Decoration:  Peter Young,Sleepy Hollow
1236,,2000,72,BEST PICTURE,"Bruce Cohen and Dan Jinks, Producers",American Beauty
1237,,2000,72,CINEMATOGRAPHY,Conrad L. Hall,American Beauty
1238,,2000,72,COSTUME DESIGN,Lindy Hemming,Topsy-Turvy
1239,,2000,72,DOCUMENTARY (Feature),"Arthur Cohn, Kevin Macdonald",One Day in September
1240,,2000,72,DOCUMENTARY (Short Subject),"Susan Hannah Hadary, William A. Whiteford",King Gimp
1241,,2000,72,FILM EDITING,Zach Staenberg,The Matrix
1242,,2000,72,FOREIGN LANGUAGE FILM,Spain,All about My Mother
1243,,2000,72,MAKEUP,"Christine Blundell, Trefor Proud",Topsy-Turvy
1244,,2000,72,MUSIC (Original Score),John Corigliano,The Red Violin
1245,,2000,72,MUSIC (Original Song),Music and Lyric by Phil Collins,Tarzan
1246,,2000,72,SHORT FILM (Animated),Alexander Petrov,The Old Man and the Sea
1247,,2000,72,SHORT FILM (Live Action),"Barbara Schock, Tammy Tiehel",My Mother Dreams the Satan's Disciples in New York
1248,,2000,72,SOUND,"John Reitz, Gregg Rudloff, David Campbell, David Lee",The Matrix
1249,,2000,72,SOUND EFFECTS EDITING,Dane A. Davis,The Matrix
1250,,2000,72,VISUAL EFFECTS,"John Gaeta, Janek Sirrs, Steve Courtley, Jon Thum",The Matrix
1251,,2000,72,WRITING (Screenplay Based on Material Previously Produced or Published),John Irving,The Cider House Rules
1252,,2000,72,WRITING (Screenplay Written Directly for the Screen),Alan Ball,American Beauty
1253,,2001,73,ART DIRECTION,Tim Yip,"Crouching Tiger, Hidden Dragon"
1254,,2001,73,BEST PICTURE,"Douglas Wick, David Franzoni and Branko Lustig, Producers",Gladiator
1255,,2001,73,CINEMATOGRAPHY,Peter Pau,"Crouching Tiger, Hidden Dragon"
1256,,2001,73,COSTUME DESIGN,Janty Yates,Gladiator
1257,,2001,73,DOCUMENTARY (Feature),"Mark Jonathan Harris, Deborah Oppenheimer",Into the Arms of Strangers: Stories of the Kindertransport
1258,,2001,73,DOCUMENTARY (Short Subject),Tracy Seretean,Big Mama
1259,,2001,73,FILM EDITING,Stephen Mirrione,Traffic
1260,,2001,73,FOREIGN LANGUAGE FILM,Taiwan,"Crouching Tiger, Hidden Dragon"
1261,,2001,73,MAKEUP,"Rick Baker, Gail Ryan",Dr. Seuss' How the Grinch Stole Christmas
1262,,2001,73,MUSIC (Original Score),Tan Dun,"Crouching Tiger, Hidden Dragon"
1263,,2001,73,MUSIC (Original Song),Music and Lyric by Bob Dylan,Wonder Boys
1264,,2001,73,SHORT FILM (Animated),Michael Dudok de Wit,Father and Daughter
1265,,2001,73,SHORT FILM (Live Action),Florian Gallenberger,Quiero Ser (I want to be...)
1266,,2001,73,SOUND,"Scott Millan, Bob Beemer, Ken Weston",Gladiator
1267,,2001,73,SOUND EDITING,Jon Johnson,U-571
1268,,2001,73,VISUAL EFFECTS,"John Nelson, Neil Corbould, Tim Burke, Rob Harvey",Gladiator
1269,,2001,73,WRITING (Screenplay Based on Material Previously Produced or Published),Screenplay by Stephen Gaghan,Traffic
1270,,2001,73,WRITING (Screenplay Written Directly for the Screen),Written by Cameron Crowe,Almost Famous
1271,,2002,74,ANIMATED FEATURE FILM,Aron Warner,Shrek
1272,,2002,74,ART DIRECTION,Art Direction:  Catherine Martin; Set Decoration:  Brigitte Broch,Moulin Rouge
1273,,2002,74,BEST PICTURE,"Brian Grazer and Ron Howard, Producers",A Beautiful Mind
1274,,2002,74,CINEMATOGRAPHY,Andrew Lesnie,The Lord of the Rings: The Fellowship of the Ring
1275,,2002,74,COSTUME DESIGN,"Catherine Martin, Angus Strathie",Moulin Rouge
1276,,2002,74,DOCUMENTARY (Feature),"Jean-Xavier de Lestrade, Denis Poncet",Murder on a Sunday Morning
1277,,2002,74,DOCUMENTARY (Short Subject),"Sarah Kernochan, Lynn Appelle",Thoth
1278,,2002,74,FILM EDITING,Pietro Scalia,Black Hawk Down
1279,,2002,74,FOREIGN LANGUAGE FILM,Bosnia & Herzegovina,No Man's Land
1280,,2002,74,MAKEUP,"Peter Owen, Richard Taylor",The Lord of the Rings: The Fellowship of the Ring
1281,,2002,74,MUSIC (Original Score),Howard Shore,The Lord of the Rings: The Fellowship of the Ring
1282,,2002,74,MUSIC (Original Song),Music and Lyric by Randy Newman,"Monsters, Inc."
1283,,2002,74,SHORT FILM (Animated),Ralph Eggleston,For the Birds
1284,,2002,74,SHORT FILM (Live Action),"Ray McKinnon, Lisa Blount",the accountant
1285,,2002,74,SOUND,"Michael Minkler, Myron Nettinga, Chris Munro",Black Hawk Down
1286,,2002,74,SOUND EDITING,"George Watters II, Christopher Boyes",Pearl Harbor
1287,,2002,74,VISUAL EFFECTS,"Jim Rygiel, Randall William Cook, Richard Taylor, Mark Stetson",The Lord of the Rings: The Fellowship of the Ring
1288,,2002,74,WRITING (Screenplay Based on Material Previously Produced or Published),Written by Akiva Goldsman,A Beautiful Mind
1289,,2002,74,WRITING (Screenplay Written Directly for the Screen),Written by Julian Fellowes,Gosford Park
1290,,2003,75,ANIMATED FEATURE FILM,Hayao Miyazaki,Spirited Away
1291,,2003,75,ART DIRECTION,Art Direction:  John Myhre; Set Decoration:  Gordon Sim,Chicago
1292,,2003,75,BEST PICTURE,"Martin Richards, Producer",Chicago
1293,,2003,75,CINEMATOGRAPHY,Conrad L. Hall,Road to Perdition
1294,,2003,75,COSTUME DESIGN,Colleen Atwood,Chicago
1295,,2003,75,DOCUMENTARY (Feature),"Michael Moore, Michael Donovan",Bowling for Columbine
1296,,2003,75,DOCUMENTARY (Short Subject),"Bill Guttentag, Robert David Port",Twin Towers
1297,,2003,75,FILM EDITING,Martin Walsh,Chicago
1298,,2003,75,FOREIGN LANGUAGE FILM,Germany,Nowhere in Africa
1299,,2003,75,MAKEUP,"John Jackson, Beatrice De Alba",Frida
1300,,2003,75,MUSIC (Original Score),Elliot Goldenthal,Frida
1301,,2003,75,MUSIC (Original Song),"Music by Eminem, Jeff Bass and Luis Resto; Lyric by Eminem",8 Mile
1302,,2003,75,SHORT FILM (Animated),Eric Armstrong,The ChubbChubbs!
1303,,2003,75,SHORT FILM (Live Action),"Martin Strange-Hansen, Mie Andreasen",This Charming Man (Der Er En Yndig Mand)
1304,,2003,75,SOUND,"Michael Minkler, Dominick Tavella, David Lee",Chicago
1305,,2003,75,SOUND EDITING,"Ethan Van der Ryn, Michael Hopkins",The Lord of the Rings: The Two Towers
1306,,2003,75,VISUAL EFFECTS,"Jim Rygiel, Joe Letteri, Randall William Cook, Alex Funke",The Lord of the Rings: The Two Towers
1307,,2003,75,WRITING (Adapted Screenplay),Screenplay by Ronald Harwood,The Pianist
1308,,2003,75,WRITING (Original Screenplay),Written by Pedro Almodóvar,Talk to Her
1309,,2004,76,ANIMATED FEATURE FILM,Andrew Stanton,Finding Nemo
1310,,2004,76,ART DIRECTION,Art Direction: Grant Major; Set Decoration: Dan Hennah and Alan Lee,The Lord of the Rings: The Return of the King
1311,,2004,76,BEST PICTURE,"Barrie M. Osborne, Peter Jackson and Fran Walsh, Producers",The Lord of the Rings: The Return of the King
1312,,2004,76,CINEMATOGRAPHY,Russell Boyd,Master and Commander: The Far Side of the World
1313,,2004,76,COSTUME DESIGN,Ngila Dickson and Richard Taylor,The Lord of the Rings: The Return of the King
1314,,2004,76,DOCUMENTARY (Feature),Errol Morris and Michael Williams,The Fog of War
1315,,2004,76,DOCUMENTARY (Short Subject),Maryann DeLeo,Chernobyl Heart
1316,,2004,76,FILM EDITING,Jamie Selkirk,The Lord of the Rings: The Return of the King
1317,,2004,76,FOREIGN LANGUAGE FILM,Canada,The Barbarian Invasions
1318,,2004,76,MAKEUP,Richard Taylor and Peter King,The Lord of the Rings: The Return of the King
1319,,2004,76,MUSIC (Original Score),Howard Shore,The Lord of the Rings: The Return of the King
1320,,2004,76,MUSIC (Original Song),Music and Lyric by Fran Walsh and Howard Shore and Annie Lennox,The Lord of the Rings: The Return of the King
1321,,2004,76,SHORT FILM (Animated),Adam Elliot,Harvie Krumpet
1322,,2004,76,SHORT FILM (Live Action),Aaron Schneider and Andrew J. Sacks,Two Soldiers
1323,,2004,76,SOUND EDITING,Richard King,Master and Commander: The Far Side of the World
1324,,2004,76,SOUND MIXING,"Christopher Boyes, Michael Semanick, Michael Hedges and Hammond Peek",The Lord of the Rings: The Return of the King
1325,,2004,76,VISUAL EFFECTS,"Jim Rygiel, Joe Letteri, Randall William Cook and Alex Funke",The Lord of the Rings: The Return of the King
1326,,2004,76,WRITING (Adapted Screenplay),"Screenplay by Fran Walsh, Philippa Boyens & Peter Jackson",The Lord of the Rings: The Return of the King
1327,,2004,76,WRITING (Original Screenplay),Written by Sofia Coppola,Lost in Translation
1328,,2005,77,ANIMATED FEATURE FILM,Brad Bird,The Incredibles
1329,,2005,77,ART DIRECTION,Art Direction: Dante Ferretti; Set Decoration: Francesca Lo Schiavo,The Aviator
1330,,2005,77,BEST PICTURE,"Clint Eastwood, Albert S. Ruddy and Tom Rosenberg, Producers",Million Dollar Baby
1331,,2005,77,CINEMATOGRAPHY,Robert Richardson,The Aviator
1332,,2005,77,COSTUME DESIGN,Sandy Powell,The Aviator
1333,,2005,77,DOCUMENTARY (Feature),Ross Kauffman and Zana Briski,Born into Brothels
1334,,2005,77,DOCUMENTARY (Short Subject),Robert Hudson and Bobby Houston,Mighty Times: The Children's March
1335,,2005,77,FILM EDITING,Thelma Schoonmaker,The Aviator
1336,,2005,77,FOREIGN LANGUAGE FILM,Spain,The Sea Inside
1337,,2005,77,MAKEUP,Valli O'Reilly and Bill Corso,Lemony Snicket's A Series of Unfortunate Events
1338,,2005,77,MUSIC (Original Score),Jan A.P. Kaczmarek,Finding Neverland
1339,,2005,77,MUSIC (Original Song),Music and Lyric by Jorge Drexler,The Motorcycle Diaries
1340,,2005,77,SHORT FILM (Animated),Chris Landreth,Ryan
1341,,2005,77,SHORT FILM (Live Action),Andrea Arnold,Wasp
1342,,2005,77,SOUND EDITING,Michael Silvers and Randy Thom,The Incredibles
1343,,2005,77,SOUND MIXING,"Scott Millan, Greg Orloff, Bob Beemer and Steve Cantamessa",Ray
1344,,2005,77,VISUAL EFFECTS,"John Dykstra, Scott Stokdyk, Anthony LaMolinara and John Frazier",Spider-Man 2
1345,,2005,77,WRITING (Adapted Screenplay),Screenplay by Alexander Payne & Jim Taylor,Sideways
1346,,2005,77,WRITING (Original Screenplay),Screenplay by Charlie Kaufman; Story by Charlie Kaufman & Michel Gondry & Pierre Bismuth,Eternal Sunshine of the Spotless Mind
1347,,2006,78,ANIMATED FEATURE FILM,Nick Park and Steve Box,Wallace & Gromit in The Curse of the Were-Rabbit
1348,,2006,78,ART DIRECTION,Art Direction:  John Myhre; Set Decoration:  Gretchen Rau,Memoirs of a Geisha
1349,,2006,78,BEST PICTURE,"Paul Haggis and Cathy Schulman, Producers",Crash
1350,,2006,78,CINEMATOGRAPHY,Dion Beebe,Memoirs of a Geisha
1351,,2006,78,COSTUME DESIGN,Colleen Atwood,Memoirs of a Geisha
1352,,2006,78,DOCUMENTARY (Feature),Luc Jacquet and Yves Darondeau,March of the Penguins
1353,,2006,78,DOCUMENTARY (Short Subject),Corinne Marrinan and Eric Simonson,A Note of Triumph: The Golden Age of Norman Corwin
1354,,2006,78,FILM EDITING,Hughes Winborne,Crash
1355,,2006,78,FOREIGN LANGUAGE FILM,South Africa,Tsotsi
1356,,2006,78,MAKEUP,Howard Berger and Tami Lane,"The Chronicles of Narnia: The Lion, the Witch and the Wardrobe"
1357,,2006,78,MUSIC (Original Score),Gustavo Santaolalla,Brokeback Mountain
1358,,2006,78,MUSIC (Original Song),"Music and Lyric by Jordan Houston, Cedric Coleman and Paul Beauregard",Hustle & Flow
1359,,2006,78,SHORT FILM (Animated),John Canemaker and Peggy Stern,The Moon and the Son: An Imagined Conversation
1360,,2006,78,SHORT FILM (Live Action),Martin McDonagh,Six Shooter
1361,,2006,78,SOUND EDITING,Mike Hopkins and Ethan Van der Ryn,King Kong
1362,,2006,78,SOUND MIXING,"Christopher Boyes, Michael Semanick, Michael Hedges and Hammond Peek",King Kong
1363,,2006,78,VISUAL EFFECTS,"Joe Letteri, Brian Van't Hul, Christian Rivers and Richard Taylor",King Kong
1364,,2006,78,WRITING (Adapted Screenplay),Screenplay by Larry McMurtry & Diana Ossana,Brokeback Mountain
1365,,2006,78,WRITING (Original Screenplay),Screenplay by Paul Haggis & Bobby Moresco; Story by Paul Haggis,Crash
1366,,2007,79,ANIMATED FEATURE FILM,George Miller,Happy Feet
1367,,2007,79,ART DIRECTION,Art Direction:  Eugenio Caballero; Set Decoration:  Pilar Revuelta,Pan's Labyrinth
1368,,2007,79,BEST PICTURE,"Graham King, Producer",The Departed
1369,,2007,79,CINEMATOGRAPHY,Guillermo Navarro,Pan's Labyrinth
1370,,2007,79,COSTUME DESIGN,Milena Canonero,Marie Antoinette
1371,,2007,79,DOCUMENTARY (Feature),Davis Guggenheim,An Inconvenient Truth
1372,,2007,79,DOCUMENTARY (Short Subject),Ruby Yang and Thomas Lennon,The Blood of Yingzhou District
1373,,2007,79,FILM EDITING,Thelma Schoonmaker,The Departed
1374,,2007,79,FOREIGN LANGUAGE FILM,Germany,The Lives of Others
1375,,2007,79,MAKEUP,David Martí and Montse Ribé,Pan's Labyrinth
1376,,2007,79,MUSIC (Original Score),Gustavo Santaolalla,Babel
1377,,2007,79,MUSIC (Original Song),Music and Lyric by Melissa Etheridge,An Inconvenient Truth
1378,,2007,79,SHORT FILM (Animated),Torill Kove,The Danish Poet
1379,,2007,79,SHORT FILM (Live Action),Ari Sandel,West Bank Story
1380,,2007,79,SOUND EDITING,Alan Robert Murray and Bub Asman,Letters from Iwo Jima
1381,,2007,79,SOUND MIXING,"Michael Minkler, Bob Beemer and Willie Burton",Dreamgirls
1382,,2007,79,VISUAL EFFECTS,"John Knoll, Hal Hickel, Charles Gibson and Allen Hall",Pirates of the Caribbean: Dead Man's Chest
1383,,2007,79,WRITING (Adapted Screenplay),Screenplay by William Monahan,The Departed
1384,,2007,79,WRITING (Original Screenplay),Written by Michael Arndt,Little Miss Sunshine
1385,,2008,80,ANIMATED FEATURE FILM,Brad Bird,Ratatouille
1386,,2008,80,ART DIRECTION,Art Direction: Dante Ferretti; Set Decoration: Francesca Lo Schiavo,Sweeney Todd The Demon Barber of Fleet Street
1387,,2008,80,BEST PICTURE,"Scott Rudin, Ethan Coen and Joel Coen, Producers",No Country for Old Men
1388,,2008,80,CINEMATOGRAPHY,Robert Elswit,There Will Be Blood
1389,,2008,80,COSTUME DESIGN,Alexandra Byrne,Elizabeth: The Golden Age
1390,,2008,80,DOCUMENTARY (Feature),Alex Gibney and Eva Orner,Taxi to the Dark Side
1391,,2008,80,DOCUMENTARY (Short Subject),Cynthia Wade and Vanessa Roth,Freeheld
1392,,2008,80,FILM EDITING,Christopher Rouse,The Bourne Ultimatum
1393,,2008,80,FOREIGN LANGUAGE FILM,Austria,The Counterfeiters
1394,,2008,80,MAKEUP,Didier Lavergne and Jan Archibald,La Vie en Rose
1395,,2008,80,MUSIC (Original Score),Dario Marianelli,Atonement
1396,,2008,80,MUSIC (Original Song),Music and Lyric by Glen Hansard and Marketa Irglova,Once
1397,,2008,80,SHORT FILM (Animated),Suzie Templeton and Hugh Welchman,Peter & the Wolf
1398,,2008,80,SHORT FILM (Live Action),Philippe Pollet-Villard,Le Mozart des Pickpockets (The Mozart of Pickpockets)
1399,,2008,80,SOUND EDITING,Karen Baker Landers and Per Hallberg,The Bourne Ultimatum
1400,,2008,80,SOUND MIXING,"Scott Millan, David Parker and Kirk Francis",The Bourne Ultimatum
1401,,2008,80,VISUAL EFFECTS,"Michael Fink, Bill Westenhofer, Ben Morris and Trevor Wood",The Golden Compass
1402,,2008,80,WRITING (Adapted Screenplay),Written for the screen by Joel Coen & Ethan Coen,No Country for Old Men
1403,,2008,80,WRITING (Original Screenplay),Written by Diablo Cody,Juno
1404,,2009,81,ANIMATED FEATURE FILM,Andrew Stanton,WALL-E
1405,,2009,81,ART DIRECTION,Art Direction: Donald Graham Burt; Set Decoration: Victor J. Zolfo,The Curious Case of Benjamin Button
1406,,2009,81,BEST PICTURE,"Christian Colson, Producer",Slumdog Millionaire
1407,,2009,81,CINEMATOGRAPHY,Anthony Dod Mantle,Slumdog Millionaire
1408,,2009,81,COSTUME DESIGN,Michael O'Connor,The Duchess
1409,,2009,81,DOCUMENTARY (Feature),James Marsh and Simon Chinn,Man on Wire
1410,,2009,81,DOCUMENTARY (Short Subject),Megan Mylan,Smile Pinki
1411,,2009,81,FILM EDITING,Chris Dickens,Slumdog Millionaire
1412,,2009,81,FOREIGN LANGUAGE FILM,Japan,Departures
1413,,2009,81,MAKEUP,Greg Cannom,The Curious Case of Benjamin Button
1414,,2009,81,MUSIC (Original Score),A.R. Rahman,Slumdog Millionaire
1415,,2009,81,MUSIC (Original Song),Music by A.R. Rahman; Lyric by Gulzar,Slumdog Millionaire
1416,,2009,81,SHORT FILM (Animated),Kunio Kato,La Maison en Petits Cubes
1417,,2009,81,SHORT FILM (Live Action),Jochen Alexander Freydank,Spielzeugland (Toyland)
1418,,2009,81,SOUND EDITING,Richard King,The Dark Knight
1419,,2009,81,SOUND MIXING,"Ian Tapp, Richard Pryke and Resul Pookutty",Slumdog Millionaire
1420,,2009,81,VISUAL EFFECTS,"Eric Barba, Steve Preeg, Burt Dalton and Craig Barron",The Curious Case of Benjamin Button
1421,,2009,81,WRITING (Adapted Screenplay),Screenplay by Simon Beaufoy,Slumdog Millionaire
1422,,2009,81,WRITING (Original Screenplay),Written by Dustin Lance Black,Milk
1423,,2010,82,ANIMATED FEATURE FILM,Pete Docter,Up
1424,,2010,82,ART DIRECTION,Production Design: Rick Carter and Robert Stromberg; Set Decoration: Kim Sinclair,Avatar
1425,,2010,82,BEST PICTURE,"Kathryn Bigelow, Mark Boal, Nicolas Chartier and Greg Shapiro, Producers",The Hurt Locker
1426,,2010,82,CINEMATOGRAPHY,Mauro Fiore,Avatar
1427,,2010,82,COSTUME DESIGN,Sandy Powell,The Young Victoria
1428,,2010,82,DOCUMENTARY (Feature),Louie Psihoyos and Fisher Stevens,The Cove
1429,,2010,82,DOCUMENTARY (Short Subject),Roger Ross Williams and Elinor Burkett,Music by Prudence
1430,,2010,82,FILM EDITING,Bob Murawski and Chris Innis,The Hurt Locker
1431,,2010,82,FOREIGN LANGUAGE FILM,Argentina,The Secret in Their Eyes
1432,,2010,82,MAKEUP,"Barney Burman, Mindy Hall and Joel Harlow",Star Trek
1433,,2010,82,MUSIC (Original Score),Michael Giacchino,Up
1434,,2010,82,MUSIC (Original Song),Music and Lyric by Ryan Bingham and T Bone Burnett,Crazy Heart
1435,,2010,82,SHORT FILM (Animated),Nicolas Schmerkin,Logorama
1436,,2010,82,SHORT FILM (Live Action),Joachim Back and Tivi Magnusson,The New Tenants
1437,,2010,82,SOUND EDITING,Paul N.J. Ottosson,The Hurt Locker
1438,,2010,82,SOUND MIXING,Paul N.J. Ottosson and Ray Beckett,The Hurt Locker
1439,,2010,82,VISUAL EFFECTS,"Joe Letteri, Stephen Rosenbaum, Richard Baneham and Andrew R. Jones",Avatar
1440,,2010,82,WRITING (Adapted Screenplay),Screenplay by Geoffrey Fletcher,Precious: Based on the Novel 'Push' by Sapphire
1441,,2010,82,WRITING (Original Screenplay),Written by Mark Boal,The Hurt Locker
1442,,2011,83,ANIMATED FEATURE FILM,Lee Unkrich,Toy Story 3
1443,,2011,83,ART DIRECTION,Production Design: Robert Stromberg; Set Decoration: Karen O'Hara,Alice in Wonderland
1444,,2011,83,BEST PICTURE,"Iain Canning, Emile Sherman and Gareth Unwin, Producers",The King's Speech
1445,,2011,83,CINEMATOGRAPHY,Wally Pfister,Inception
1446,,2011,83,COSTUME DESIGN,Colleen Atwood,Alice in Wonderland
1447,,2011,83,DOCUMENTARY (Feature),Charles Ferguson and Audrey Marrs,Inside Job
1448,,2011,83,DOCUMENTARY (Short Subject),Karen Goodman and Kirk Simon,Strangers No More
1449,,2011,83,FILM EDITING,Angus Wall and Kirk Baxter,The Social Network
1450,,2011,83,FOREIGN LANGUAGE FILM,Denmark,In a Better World
1451,,2011,83,MAKEUP,Rick Baker and Dave Elsey,The Wolfman
1452,,2011,83,MUSIC (Original Score),Trent Reznor and Atticus Ross,The Social Network
1453,,2011,83,MUSIC (Original Song),Music and Lyric by Randy Newman,Toy Story 3
1454,,2011,83,SHORT FILM (Animated),Shaun Tan and Andrew Ruhemann,The Lost Thing
1455,,2011,83,SHORT FILM (Live Action),Luke Matheny,God of Love
1456,,2011,83,SOUND EDITING,Richard King,Inception
1457,,2011,83,SOUND MIXING,"Lora Hirschberg, Gary A. Rizzo and Ed Novick",Inception
1458,,2011,83,VISUAL EFFECTS,"Paul Franklin, Chris Corbould, Andrew Lockley and Peter Bebb",Inception
1459,,2011,83,WRITING (Adapted Screenplay),Screenplay by Aaron Sorkin,The Social Network
1460,,2011,83,WRITING (Original Screenplay),Screenplay by David Seidler,The King's Speech
1461,,2012,84,ANIMATED FEATURE FILM,Gore Verbinski,Rango
1462,,2012,84,ART DIRECTION,Production Design: Dante Ferretti; Set Decoration: Francesca Lo Schiavo,Hugo
1463,,2012,84,BEST PICTURE,"Thomas Langmann, Producer",The Artist
1464,,2012,84,CINEMATOGRAPHY,Robert Richardson,Hugo
1465,,2012,84,COSTUME DESIGN,Mark Bridges,The Artist
1466,,2012,84,DOCUMENTARY (Feature),"TJ Martin, Dan Lindsay and Rich Middlemas",Undefeated
1467,,2012,84,DOCUMENTARY (Short Subject),Daniel Junge and Sharmeen Obaid-Chinoy,Saving Face
1468,,2012,84,FILM EDITING,Kirk Baxter and Angus Wall,The Girl with the Dragon Tattoo
1469,,2012,84,FOREIGN LANGUAGE FILM,Iran,A Separation
1470,,2012,84,MAKEUP,Mark Coulier and J. Roy Helland,The Iron Lady
1471,,2012,84,MUSIC (Original Score),Ludovic Bource,The Artist
1472,,2012,84,MUSIC (Original Song),Music and Lyric by Bret McKenzie,The Muppets
1473,,2012,84,SHORT FILM (Animated),William Joyce and Brandon Oldenburg,The Fantastic Flying Books of Mr. Morris Lessmore
1474,,2012,84,SHORT FILM (Live Action),Terry George and Oorlagh George,The Shore
1475,,2012,84,SOUND EDITING,Philip Stockton and Eugene Gearty,Hugo
1476,,2012,84,SOUND MIXING,Tom Fleischman and John Midgley,Hugo
1477,,2012,84,VISUAL EFFECTS,"Rob Legato, Joss Williams, Ben Grossmann and Alex Henning",Hugo
1478,,2012,84,WRITING (Adapted Screenplay),Screenplay by Alexander Payne and Nat Faxon & Jim Rash,The Descendants
1479,,2012,84,WRITING (Original Screenplay),Written by Woody Allen,Midnight in Paris
1480,,2013,85,ANIMATED FEATURE FILM,Mark Andrews and Brenda Chapman,Brave
1481,,2013,85,BEST PICTURE,"Grant Heslov, Ben Affleck and George Clooney, Producers",Argo
1482,,2013,85,CINEMATOGRAPHY,Claudio Miranda,Life of Pi
1483,,2013,85,COSTUME DESIGN,Jacqueline Durran,Anna Karenina
1484,,2013,85,DOCUMENTARY (Feature),Malik Bendjelloul and Simon Chinn,Searching for Sugar Man
1485,,2013,85,DOCUMENTARY (Short Subject),Sean Fine and Andrea Nix Fine,Inocente
1486,,2013,85,FILM EDITING,William Goldenberg,Argo
1487,,2013,85,FOREIGN LANGUAGE FILM,Austria,Amour
1488,,2013,85,MAKEUP AND HAIRSTYLING,Lisa Westcott and Julie Dartnell,Les Misérables
1489,,2013,85,MUSIC (Original Score),Mychael Danna,Life of Pi
1490,,2013,85,MUSIC (Original Song),Music and Lyric by Adele Adkins and Paul Epworth,Skyfall
1491,,2013,85,PRODUCTION DESIGN,Production Design: Rick Carter; Set Decoration: Jim Erickson,Lincoln
1492,,2013,85,SHORT FILM (Animated),John Kahrs,Paperman
1493,,2013,85,SHORT FILM (Live Action),Shawn Christensen,Curfew
1494,,2013,85,SOUND EDITING,Per Hallberg and Karen Baker Landers,Skyfall
1495,,2013,85,SOUND EDITING,Paul N.J. Ottosson,Zero Dark Thirty
1496,,2013,85,SOUND MIXING,"Andy Nelson, Mark Paterson and Simon Hayes",Les Misérables
1497,,2013,85,VISUAL EFFECTS,"Bill Westenhofer, Guillaume Rocheron, Erik-Jan De Boer and Donald R. Elliott",Life of Pi
1498,,2013,85,WRITING (Adapted Screenplay),Screenplay by Chris Terrio,Argo
1499,,2013,85,WRITING (Original Screenplay),Written by Quentin Tarantino,Django Unchained
1500,,2014,86,ANIMATED FEATURE FILM,"Chris Buck, Jennifer Lee and Peter Del Vecho",Frozen
1501,,2014,86,BEST PICTURE,"Brad Pitt, Dede Gardner, Jeremy Kleiner, Steve McQueen and Anthony Katagas, Producers",12 Years a Slave
1502,,2014,86,CINEMATOGRAPHY,Emmanuel Lubezki,Gravity
1503,,2014,86,COSTUME DESIGN,Catherine Martin,The Great Gatsby
1504,,2014,86,DOCUMENTARY (Feature),"Morgan Neville, Gil Friesen and Caitrin Rogers",20 Feet from Stardom
1505,,2014,86,DOCUMENTARY (Short Subject),Malcolm Clarke and Nicholas Reed,The Lady in Number 6: Music Saved My Life
1506,,2014,86,FILM EDITING,Alfonso Cuarón and Mark Sanger,Gravity
1507,,2014,86,FOREIGN LANGUAGE FILM,Italy,The Great Beauty
1508,,2014,86,MAKEUP AND HAIRSTYLING,Adruitha Lee and Robin Mathews,Dallas Buyers Club
1509,,2014,86,MUSIC (Original Score),Steven Price,Gravity
1510,,2014,86,MUSIC (Original Song),Music and Lyric by Kristen Anderson-Lopez and Robert Lopez,Frozen
1511,,2014,86,PRODUCTION DESIGN,Production Design: Catherine Martin; Set Decoration: Beverley Dunn,The Great Gatsby
1512,,2014,86,SHORT FILM (Animated),Laurent Witz and Alexandre Espigares,Mr. Hublot
1513,,2014,86,SHORT FILM (Live Action),Anders Walter and Kim Magnusson,Helium
1514,,2014,86,SOUND EDITING,Glenn Freemantle,Gravity
1515,,2014,86,SOUND MIXING,"Skip Lievsay, Niv Adiri, Christopher Benstead and Chris Munro",Gravity
1516,,2014,86,VISUAL EFFECTS,"Tim Webber, Chris Lawrence, David Shirk and Neil Corbould",Gravity
1517,,2014,86,WRITING (Adapted Screenplay),Screenplay by John Ridley,12 Years a Slave
1518,,2014,86,WRITING (Original Screenplay),Written by Spike Jonze,Her
1519,,2015,87,ANIMATED FEATURE FILM,"Don Hall, Chris Williams and Roy Conli",Big Hero 6
1520,,2015,87,BEST PICTURE,"Alejandro G. Iñárritu, John Lesher and James W. Skotchdopole, Producers",Birdman or (The Unexpected Virtue of Ignorance)
1521,,2015,87,CINEMATOGRAPHY,Emmanuel Lubezki,Birdman or (The Unexpected Virtue of Ignorance)
1522,,2015,87,COSTUME DESIGN,Milena Canonero,The Grand Budapest Hotel
1523,,2015,87,DOCUMENTARY (Feature),"Laura Poitras, Mathilde Bonnefoy and Dirk Wilutzky",CitizenFour
1524,,2015,87,DOCUMENTARY (Short Subject),Ellen Goosenberg Kent and Dana Perry,Crisis Hotline: Veterans Press 1
1525,,2015,87,FILM EDITING,Tom Cross,Whiplash
1526,,2015,87,FOREIGN LANGUAGE FILM,Poland,Ida
1527,,2015,87,MAKEUP AND HAIRSTYLING,Frances Hannon and Mark Coulier,The Grand Budapest Hotel
1528,,2015,87,MUSIC (Original Score),Alexandre Desplat,The Grand Budapest Hotel
1529,,2015,87,MUSIC (Original Song),Music and Lyric by John Stephens and Lonnie Lynn,Selma
1530,,2015,87,PRODUCTION DESIGN,Production Design: Adam Stockhausen; Set Decoration: Anna Pinnock,The Grand Budapest Hotel
1531,,2015,87,SHORT FILM (Animated),Patrick Osborne and Kristina Reed,Feast
1532,,2015,87,SHORT FILM (Live Action),Mat Kirkby and James Lucas,The Phone Call
1533,,2015,87,SOUND EDITING,Alan Robert Murray and Bub Asman,American Sniper
1534,,2015,87,SOUND MIXING,"Craig Mann, Ben Wilkins and Thomas Curley",Whiplash
1535,,2015,87,VISUAL EFFECTS,"Paul Franklin, Andrew Lockley, Ian Hunter and Scott Fisher",Interstellar
1536,,2015,87,WRITING (Adapted Screenplay),Written by Graham Moore,The Imitation Game
1537,,2015,87,WRITING (Original Screenplay),"Written by Alejandro G. Iñárritu, Nicolás Giacobone, Alexander Dinelaris, Jr. & Armando Bo",Birdman or (The Unexpected Virtue of Ignorance)
1538,,2016,88,ANIMATED FEATURE FILM,Pete Docter and Jonas Rivera,Inside Out
1539,,2016,88,BEST PICTURE,"Michael Sugar, Steve Golin, Nicole Rocklin and Blye Pagon Faust, Producers",Spotlight
1540,,2016,88,CINEMATOGRAPHY,Emmanuel Lubezki,The Revenant
1541,,2016,88,COSTUME DESIGN,Jenny Beavan,Mad Max: Fury Road
1542,,2016,88,DOCUMENTARY (Feature),Asif Kapadia and James Gay-Rees,Amy
1543,,2016,88,DOCUMENTARY (Short Subject),Sharmeen Obaid-Chinoy,A Girl in the River: The Price of Forgiveness
1544,,2016,88,FILM EDITING,Margaret Sixel,Mad Max: Fury Road
1545,,2016,88,FOREIGN LANGUAGE FILM,Hungary,Son of Saul
1546,,2016,88,MAKEUP AND HAIRSTYLING,"Lesley Vanderwalt, Elka Wardega and Damian Martin",Mad Max: Fury Road
1547,,2016,88,MUSIC (Original Score),Ennio Morricone,The Hateful Eight
1548,,2016,88,MUSIC (Original Song),Music and Lyric by Jimmy Napes and Sam Smith,Spectre
1549,,2016,88,PRODUCTION DESIGN,Production Design: Colin Gibson; Set Decoration: Lisa Thompson,Mad Max: Fury Road
1550,,2016,88,SHORT FILM (Animated),Gabriel Osorio and Pato Escala,Bear Story
1551,,2016,88,SHORT FILM (Live Action),Benjamin Cleary and Serena Armitage,Stutterer
1552,,2016,88,SOUND EDITING,Mark Mangini and David White,Mad Max: Fury Road
1553,,2016,88,SOUND MIXING,"Chris Jenkins, Gregg Rudloff and Ben Osmo",Mad Max: Fury Road
1554,,2016,88,VISUAL EFFECTS,"Andrew Whitehurst, Paul Norris, Mark Ardington and Sara Bennett",Ex Machina
1555,,2016,88,WRITING (Adapted Screenplay),Screenplay by Charles Randolph and Adam McKay,The Big Short
1556,,2016,88,WRITING (Original Screenplay),Written by Josh Singer & Tom McCarthy,Spotlight
1557,,2017,89,ANIMATED FEATURE FILM,"Byron Howard, Rich Moore and Clark Spencer",Zootopia
1558,,2017,89,BEST PICTURE,"Adele Romanski, Dede Gardner and Jeremy Kleiner, Producers",Moonlight
1559,,2017,89,CINEMATOGRAPHY,Linus Sandgren,La La Land
1560,,2017,89,COSTUME DESIGN,Colleen Atwood,Fantastic Beasts and Where to Find Them
1561,,2017,89,DOCUMENTARY (Feature),Ezra Edelman and Caroline Waterlow,O.J.: Made in America
1562,,2017,89,DOCUMENTARY (Short Subject),Orlando von Einsiedel and Joanna Natasegara,The White Helmets
1563,,2017,89,FILM EDITING,John Gilbert,Hacksaw Ridge
1564,,2017,89,FOREIGN LANGUAGE FILM,Iran,The Salesman
1565,,2017,89,MAKEUP AND HAIRSTYLING,"Alessandro Bertolazzi, Giorgio Gregorini and Christopher Nelson",Suicide Squad
1566,,2017,89,MUSIC (Original Score),Justin Hurwitz,La La Land
1567,,2017,89,MUSIC (Original Song),Music by Justin Hurwitz; Lyric by Benj Pasek and Justin Paul,La La Land
1568,,2017,89,PRODUCTION DESIGN,Production Design: David Wasco; Set Decoration: Sandy Reynolds-Wasco,La La Land
1569,,2017,89,SHORT FILM (Animated),Alan Barillaro and Marc Sondheimer,Piper
1570,,2017,89,SHORT FILM (Live Action),Kristof Deák and Anna Udvardy,Sing
1571,,2017,89,SOUND EDITING,Sylvain Bellemare,Arrival
1572,,2017,89,SOUND MIXING,"Kevin O'Connell, Andy Wright, Robert Mackenzie and Peter Grace",Hacksaw Ridge
1573,,2017,89,VISUAL EFFECTS,"Robert Legato, Adam Valdez, Andrew R. Jones and Dan Lemmon",The Jungle Book
1574,,2017,89,WRITING (Adapted Screenplay),Screenplay by Barry Jenkins; Story by Tarell Alvin McCraney,Moonlight
1575,,2017,89,WRITING (Original Screenplay),Written by Kenneth Lonergan,Manchester by the Sea
1576,,2018,90,ANIMATED FEATURE FILM,Lee Unkrich and Darla K. Anderson,Coco
1577,,2018,90,BEST PICTURE,"Guillermo del Toro and J. Miles Dale, Producers",The Shape of Water
1578,,2018,90,CINEMATOGRAPHY,Roger A. Deakins,Blade Runner 2049
1579,,2018,90,COSTUME DESIGN,Mark Bridges,Phantom Thread
1580,,2018,90,DOCUMENTARY (Feature),Bryan Fogel and Dan Cogan,Icarus
1581,,2018,90,DOCUMENTARY (Short Subject),Frank Stiefel,Heaven Is a Traffic Jam on the 405
1582,,2018,90,FILM EDITING,Lee Smith,Dunkirk
1583,,2018,90,FOREIGN LANGUAGE FILM,Chile,A Fantastic Woman
1584,,2018,90,MAKEUP AND HAIRSTYLING,"Kazuhiro Tsuji, David Malinowski and Lucy Sibbick",Darkest Hour
1585,,2018,90,MUSIC (Original Score),Alexandre Desplat,The Shape of Water
1586,,2018,90,MUSIC (Original Song),Music and Lyric by Kristen Anderson-Lopez and Robert Lopez,Coco
1587,,2018,90,PRODUCTION DESIGN,Production Design: Paul Denham Austerberry; Set Decoration: Shane Vieau and Jeffrey A. Melvin,The Shape of Water
1588,,2018,90,SHORT FILM (Animated),Glen Keane and Kobe Bryant,Dear Basketball
1589,,2018,90,SHORT FILM (Live Action),Chris Overton and Rachel Shenton,The Silent Child
1590,,2018,90,SOUND EDITING,Richard King and Alex Gibson,Dunkirk
1591,,2018,90,SOUND MIXING,"Gregg Landaker, Gary A. Rizzo and Mark Weingarten",Dunkirk
1592,,2018,90,VISUAL EFFECTS,"John Nelson, Gerd Nefzer, Paul Lambert and Richard R. Hoover",Blade Runner 2049
1593,,2018,90,WRITING (Adapted Screenplay),Screenplay by James Ivory,Call Me by Your Name
1594,,2018,90,WRITING (Original Screenplay),Written by Jordan Peele,Get Out
1595,,2019,91,ANIMATED FEATURE FILM,"Bob Persichetti, Peter Ramsey, Rodney Rothman, Phil Lord and Christopher Miller",Spider-Man: Into the Spider-Verse
1596,,2019,91,BEST PICTURE,"Jim Burke, Charles B. Wessler, Brian Currie, Peter Farrelly and Nick Vallelonga, Producers",Green Book
1597,,2019,91,CINEMATOGRAPHY,Alfonso Cuarón,Roma
1598,,2019,91,COSTUME DESIGN,Ruth Carter,Black Panther
1599,,2019,91,DOCUMENTARY (Feature),"Elizabeth Chai Vasarhelyi, Jimmy Chin, Evan Hayes and Shannon Dill",Free Solo
1600,,2019,91,DOCUMENTARY (Short Subject),Rayka Zehtabchi and Melissa Berton,Period. End of Sentence.
1601,,2019,91,FILM EDITING,John Ottman,Bohemian Rhapsody
1602,,2019,91,FOREIGN LANGUAGE FILM,Mexico,Roma
1603,,2019,91,MAKEUP AND HAIRSTYLING,"Greg Cannom, Kate Biscoe and Patricia Dehaney",Vice
1604,,2019,91,MUSIC (Original Score),Ludwig Goransson,Black Panther
1605,,2019,91,MUSIC (Original Song),"Music and Lyric by Lady Gaga, Mark Ronson, Anthony Rossomando and Andrew Wyatt",A Star Is Born
1606,,2019,91,PRODUCTION DESIGN,Production Design: Hannah Beachler; Set Decoration: Jay Hart,Black Panther
1607,,2019,91,SHORT FILM (Animated),Domee Shi and Becky Neiman-Cobb,Bao
1608,,2019,91,SHORT FILM (Live Action),Guy Nattiv and Jaime Ray Newman,Skin
1609,,2019,91,SOUND EDITING,John Warhurst and Nina Hartstone,Bohemian Rhapsody
1610,,2019,91,SOUND MIXING,"Paul Massey, Tim Cavagin and John Casali",Bohemian Rhapsody
1611,,2019,91,VISUAL EFFECTS,"Paul Lambert, Ian Hunter, Tristan Myles and J.D. Schwalm",First Man
1612,,2019,91,WRITING (Adapted Screenplay),Written by Charlie Wachtel & David Rabinowitz and Kevin Willmott & Spike Lee,BlacKkKlansman
1613,,2019,91,WRITING (Original Screenplay),"Written by Nick Vallelonga, Brian Currie, Peter Farrelly",Green Book
1614,,2020,92,ANIMATED FEATURE FILM,"Josh Cooley, Mark Nielsen and Jonas Rivera",Toy Story 4
1615,,2020,92,BEST PICTURE,"Kwak Sin Ae and Bong Joon Ho, Producers",Parasite
1616,,2020,92,CINEMATOGRAPHY,Roger Deakins,1917
1617,,2020,92,COSTUME DESIGN,Jacqueline Durran,Little Women
1618,,2020,92,DOCUMENTARY (Feature),"Steven Bognar, Julia Reichert and Jeff Reichert",American Factory
1619,,2020,92,DOCUMENTARY (Short Subject),Carol Dysinger and Elena Andreicheva,Learning to Skateboard in a Warzone (If You're a Girl)
1620,,2020,92,FILM EDITING,Michael McCusker and Andrew Buckland,Ford v Ferrari
1621,,2020,92,INTERNATIONAL FEATURE FILM,South Korea,Parasite
1622,,2020,92,MAKEUP AND HAIRSTYLING,"Kazu Hiro, Anne Morgan and Vivian Baker",Bombshell
1623,,2020,92,MUSIC (Original Score),Hildur Guðnadóttir,Joker
1624,,2020,92,MUSIC (Original Song),Music by Elton John; Lyric by Bernie Taupin,Rocketman
1625,,2020,92,PRODUCTION DESIGN,Production Design: Barbara Ling; Set Decoration: Nancy Haigh,Once upon a Time...in Hollywood
1626,,2020,92,SHORT FILM (Animated),Matthew A. Cherry and Karen Rupert Toliver,Hair Love
1627,,2020,92,SHORT FILM (Live Action),Marshall Curry,The Neighbors' Window
1628,,2020,92,SOUND EDITING,Donald Sylvester,Ford v Ferrari
1629,,2020,92,SOUND MIXING,Mark Taylor and Stuart Wilson,1917
1630,,2020,92,VISUAL EFFECTS,"Guillaume Rocheron, Greg Butler and Dominic Tuohy",1917
1631,,2020,92,WRITING (Adapted Screenplay),Screenplay by Taika Waititi,Jojo Rabbit
1632,,2020,92,WRITING (Original Screenplay),"Screenplay by Bong Joon Ho, Han Jin Won; Story by Bong Joon Ho",Parasite
1633,,2021,93,ANIMATED FEATURE FILM,Pete Docter and Dana Murray,Soul
1634,,2021,93,BEST PICTURE,"Frances McDormand, Peter Spears, Mollye Asher, Dan Janvey and Chloé Zhao, Producers",Nomadland
1635,,2021,93,CINEMATOGRAPHY,Erik Messerschmidt,Mank
1636,,2021,93,COSTUME DESIGN,Ann Roth,Ma Rainey's Black Bottom
1637,,2021,93,DOCUMENTARY (Feature),"Pippa Ehrlich, James Reed and Craig Foster",My Octopus Teacher
1638,,2021,93,DOCUMENTARY (Short Subject),Anthony Giacchino and Alice Doyard,Colette
1639,,2021,93,FILM EDITING,Mikkel E. G. Nielsen,Sound of Metal
1640,,2021,93,INTERNATIONAL FEATURE FILM,Denmark,Another Round
1641,,2021,93,MAKEUP AND HAIRSTYLING,"Sergio Lopez-Rivera, Mia Neal and Jamika Wilson",Ma Rainey's Black Bottom
1642,,2021,93,MUSIC (Original Score),"Trent Reznor, Atticus Ross and Jon Batiste",Soul
1643,,2021,93,MUSIC (Original Song),Music by H.E.R. and Dernst Emile II; Lyric by H.E.R. and Tiara Thomas,Judas and the Black Messiah
1644,,2021,93,PRODUCTION DESIGN,Production Design: Donald Graham Burt; Set Decoration: Jan Pascale,Mank
1645,,2021,93,SHORT FILM (Animated),Will McCormack and Michael Govier,If Anything Happens I Love You
1646,,2021,93,SHORT FILM (Live Action),Travon Free and Martin Desmond Roe,Two Distant Strangers
1647,,2021,93,SOUND,"Nicolas Becker, Jaime Baksht, Michellee Couttolenc, Carlos Cortés and Phillip Bladh",Sound of Metal
1648,,2021,93,VISUAL EFFECTS,"Andrew Jackson, David Lee, Andrew Lockley and Scott Fisher",Tenet
1649,,2021,93,WRITING (Adapted Screenplay),Screenplay by Christopher Hampton and Florian Zeller,The Father
1650,,2021,93,WRITING (Original Screenplay),Written by Emerald Fennell,Promising Young Woman
1651,,2022,94,ANIMATED FEATURE FILM,"Jared Bush, Byron Howard, Yvett Merino and Clark Spencer",Encanto
1652,,2022,94,BEST PICTURE,"Philippe Rousselet, Fabrice Gianfermi and Patrick Wachsberger, Producers",CODA
1653,,2022,94,CINEMATOGRAPHY,Greig Fraser,Dune
1654,,2022,94,COSTUME DESIGN,Jenny Beavan,Cruella
1655,,2022,94,DOCUMENTARY (Feature),"Ahmir ""Questlove"" Thompson, Joseph Patel, Robert Fyvolent and David Dinerstein","Summer of Soul (...Or, When the Revolution Could Not Be Televised)"
1656,,2022,94,DOCUMENTARY (Short Subject),Ben Proudfoot,The Queen of Basketball
1657,,2022,94,FILM EDITING,Joe Walker,Dune
1658,,2022,94,INTERNATIONAL FEATURE FILM,Japan,Drive My Car
1659,,2022,94,MAKEUP AND HAIRSTYLING,"Linda Dowds, Stephanie Ingram and Justin Raleigh",The Eyes of Tammy Faye
1660,,2022,94,MUSIC (Original Score),Hans Zimmer,Dune
1661,,2022,94,MUSIC (Original Song),Music and Lyric by Billie Eilish and Finneas O'Connell,No Time to Die
1662,,2022,94,PRODUCTION DESIGN,Production Design: Patrice Vermette; Set Decoration: Zsuzsanna Sipos,Dune
1663,,2022,94,SHORT FILM (Animated),Alberto Mielgo and Leo Sanchez,The Windshield Wiper
1664,,2022,94,SHORT FILM (Live Action),Aneil Karia and Riz Ahmed,The Long Goodbye
1665,,2022,94,SOUND,"Mac Ruth, Mark Mangini, Theo Green, Doug Hemphill and Ron Bartlett",Dune
1666,,2022,94,VISUAL EFFECTS,"Paul Lambert, Tristan Myles, Brian Connor and Gerd Nefzer",Dune
1667,,2022,94,WRITING (Adapted Screenplay),Screenplay by Siân Heder,CODA
1668,,2022,94,WRITING (Original Screenplay),Written by Kenneth Branagh,Belfast
1669,,2023,95,ANIMATED FEATURE FILM,"Guillermo del Toro, Mark Gustafson, Gary Ungar and Alex Bulkley",Guillermo del Toro's Pinocchio
1670,,2023,95,AWARD OF COMMENDATION,To Ryan Laney for his innovative adaptation and deployment of AI-driven facial veiling technology used to protect the identities while preserving the visual relatability of subjects in documentary filmmaking as exemplified in Welcome to Chechnya (2020).,Welcome to Chechnya
1671,,2023,95,BEST PICTURE,"Daniel Kwan, Daniel Scheinert and Jonathan Wang, Producers",Everything Everywhere All at Once
1672,,2023,95,CINEMATOGRAPHY,James Friend,All Quiet on the Western Front
1673,,2023,95,COSTUME DESIGN,Ruth Carter,Black Panther: Wakanda Forever
1674,,2023,95,DOCUMENTARY FEATURE FILM,"Daniel Roher, Odessa Rae, Diane Becker, Melanie Miller and Shane Boris",Navalny
1675,,2023,95,DOCUMENTARY SHORT FILM,Kartiki Gonsalves and Guneet Monga,The Elephant Whisperers
1676,,2023,95,FILM EDITING,Paul Rogers,Everything Everywhere All at Once
1677,,2023,95,INTERNATIONAL FEATURE FILM,Germany,All Quiet on the Western Front
1678,,2023,95,MAKEUP AND HAIRSTYLING,"Adrien Morot, Judy Chin and Annemarie Bradley",The Whale
1679,,2023,95,MUSIC (Original Score),Volker Bertelmann,All Quiet on the Western Front
1680,,2023,95,MUSIC (Original Song),Music by M.M. Keeravaani; Lyric by Chandrabose,RRR
1681,,2023,95,PRODUCTION DESIGN,Production Design: Christian M. Goldbeck; Set Decoration: Ernestine Hipper,All Quiet on the Western Front
1682,,2023,95,SHORT FILM (Animated),Charlie Mackesy and Matthew Freud,"The Boy, the Mole, the Fox and the Horse"
1683,,2023,95,SHORT FILM (Live Action),Tom Berkeley and Ross White,An Irish Goodbye
1684,,2023,95,SOUND,"Mark Weingarten, James H. Mather, Al Nelson, Chris Burdon and Mark Taylor",Top Gun: Maverick
1685,,2023,95,VISUAL EFFECTS,"Joe Letteri, Richard Baneham, Eric Saindon and Daniel Barrett",Avatar: The Way of Water
1686,,2023,95,WRITING (Adapted Screenplay),Screenplay by Sarah Polley,Women Talking
1687,,2023,95,WRITING (Original Screenplay),Written by Daniel Kwan & Daniel Scheinert,Everything Everywhere All at Once
1688,,2024,96,ANIMATED FEATURE FILM,Hayao Miyazaki and Toshio Suzuki,The Boy and the Heron
1689,,2024,96,BEST PICTURE,"Emma Thomas, Charles Roven and Christopher Nolan, Producers",Oppenheimer
1690,,2024,96,CINEMATOGRAPHY,Hoyte van Hoytema,Oppenheimer
1691,,2024,96,COSTUME DESIGN,Holly Waddington,Poor Things
1692,,2024,96,DOCUMENTARY FEATURE FILM,"Mstyslav Chernov, Michelle Mizner and Raney Aronson-Rath",20 Days in Mariupol
1693,,2024,96,DOCUMENTARY SHORT FILM,Ben Proudfoot and Kris Bowers,The Last Repair Shop
1694,,2024,96,FILM EDITING,Jennifer Lame,Oppenheimer
1695,,2024,96,INTERNATIONAL FEATURE FILM,United Kingdom,The Zone of Interest
1696,,2024,96,MAKEUP AND HAIRSTYLING,"Nadia Stacey, Mark Coulier and Josh Weston",Poor Things
1697,,2024,96,MUSIC (Original Score),Ludwig Göransson,Oppenheimer
1698,,2024,96,MUSIC (Original Song),Music and Lyric by Billie Eilish and Finneas O'Connell,Barbie
1699,,2024,96,PRODUCTION DESIGN,Production Design: James Price and Shona Heath; Set Decoration: Zsuzsa Mihalek,Poor Things
1700,,2024,96,SHORT FILM (Animated),Dave Mullins and Brad Booker,WAR IS OVER! Inspired by the Music of John & Yoko
1701,,2024,96,SHORT FILM (Live Action),Wes Anderson and Steven Rales,The Wonderful Story of Henry Sugar
1702,,2024,96,SOUND,Tarn Willers and Johnnie Burn,The Zone of Interest
1703,,2024,96,VISUAL EFFECTS,"Takashi Yamazaki, Kiyoko Shibuya, Masaki Takahashi and Tatsuji Nojima",Godzilla Minus One
1704,,2024,96,WRITING (Adapted Screenplay),Written for the screen by Cord Jefferson,American Fiction
1705,,2024,96,WRITING (Original Screenplay),Screenplay - Justine Triet and Arthur Harari,Anatomy of a Fall
